disease,province,order,test_rmse,test_mae,aic,bic,n_test_weeks
influenza,CA-ON,"(1, 0, 0)",2.233510910630069,1.412476475243698,21010.028071689878,21029.038680601734,939
measles,CA-ON,"(0, 1, 1)",0.006501478317236539,0.0019778769476484206,17551.099156239114,17563.772416414387,939
whooping-cough,CA-AB,"(0, 1, 1)",0.26965707350681034,0.23686830490350083,11008.154261567783,11020.827521743056,939
whooping-cough,CA-ON,"(0, 1, 1)",0.06773588577241782,0.04746513476421108,6632.471073257633,6645.144333432908,939
