disease,province,order,test_rmse,test_mae,aic,bic,n_test_weeks
influenza,CA-ON,"(1, 0, 0)",2.2335109106204216,1.4124764753479147,21010.028071689874,21029.03868060173,939
measles,CA-ON,"(0, 1, 1)",0.006501478317227791,0.001977876947694614,17551.09915623911,17563.772416414384,939
whooping-cough,CA-AB,"(0, 1, 1)",0.2696570735216969,0.23686830492086602,11008.154261567875,11020.82752174315,939
whooping-cough,CA-ON,"(0, 1, 1)",0.06773588577240555,0.04746513476421583,6632.471073257331,6645.144333432606,939
