horizon_week,mse,rmse,mae
1,0.3727364,0.61052144,0.15669402
2,0.55795884,0.7469664,0.18303077
3,0.71317375,0.84449613,0.20371985
4,0.86439383,0.92972785,0.2274424
5,0.99957144,0.9997857,0.2618206
6,1.1000146,1.0488158,0.2764469
7,1.1857468,1.08892,0.29039276
8,1.2482866,1.1172675,0.30780846
overall,0.8802353,0.9382086,0.23841946
