disease,rmse,mae,model
influenza,2.233510910630069,1.412476475243698,ARIMA
measles,0.0065014783172365,0.0019778769476484,ARIMA
whooping-cough,0.2696570735068103,0.2368683049035008,ARIMA
whooping-cough,0.0677358857724178,0.047465134764211,ARIMA
influenza,1.865372,0.747815,LSTM
measles,0.028154,0.02078,LSTM
whooping-cough,0.123784,0.072953,LSTM
