disease,rmse,mae,model
influenza,2.2335109106204216,1.4124764753479149,ARIMA
measles,0.0065014783172277,0.0019778769476946,ARIMA
whooping-cough,0.2696570735216969,0.236868304920866,ARIMA
whooping-cough,0.0677358857724055,0.0474651347642158,ARIMA
influenza,1.868039,0.780204,LSTM
measles,0.034957,0.026562,LSTM
whooping-cough,0.122782,0.073456,LSTM
