province,n_windows,rmse,mae
CA-AB,931,0.165491,0.102476
CA-ON,2793,1.0776,0.270675
