disease,n_windows,rmse,mae
influenza,931,1.868039,0.780204
measles,931,0.034957,0.026562
whooping-cough,1862,0.122782,0.073456
