disease,province,forecast_date,pred_cases_per_100k,actual_cases_per_100k
influenza,CA-ON,2004-01-11,1.833851,1.113337
influenza,CA-ON,2004-01-18,1.224293,0.645276
influenza,CA-ON,2004-01-25,0.831862,0.451598
influenza,CA-ON,2004-02-01,0.591174,0.209626
influenza,CA-ON,2004-02-08,0.438393,0.088669
influenza,CA-ON,2004-02-15,0.351832,0.137005
influenza,CA-ON,2004-02-22,0.320064,0.048345
influenza,CA-ON,2004-02-29,0.297614,0.096669
influenza,CA-ON,2004-03-07,0.281998,0.04027
influenza,CA-ON,2004-03-14,0.255742,0.032209
influenza,CA-ON,2004-03-21,0.22607,0.040253
influenza,CA-ON,2004-03-28,0.197765,0.040245
influenza,CA-ON,2004-04-04,0.169766,0.016094
influenza,CA-ON,2004-04-11,0.140293,0.032182
influenza,CA-ON,2004-04-18,0.116327,0.032175
influenza,CA-ON,2004-04-25,0.095292,0.040211
influenza,CA-ON,2004-05-02,0.076967,0.00804
influenza,CA-ON,2004-05-09,0.055774,0.032155
influenza,CA-ON,2004-05-16,0.039763,0.008037
influenza,CA-ON,2004-05-23,0.022891,0.008035
influenza,CA-ON,2004-05-30,0.008949,0.0
influenza,CA-ON,2004-06-06,0.0,0.016064
influenza,CA-ON,2004-06-13,0.0,0.00803
influenza,CA-ON,2004-06-20,0.0,0.0
influenza,CA-ON,2004-06-27,0.0,0.0
influenza,CA-ON,2004-07-04,0.00188,0.008025
influenza,CA-ON,2004-07-11,0.01191,0.016047
influenza,CA-ON,2004-07-18,0.02509,0.0
influenza,CA-ON,2004-07-25,0.035485,0.0
influenza,CA-ON,2004-08-01,0.04518,0.008018
influenza,CA-ON,2004-08-08,0.055521,0.0
influenza,CA-ON,2004-08-15,0.062287,0.008015
influenza,CA-ON,2004-08-22,0.068871,0.02404
influenza,CA-ON,2004-08-29,0.077309,0.056082
influenza,CA-ON,2004-09-05,0.090904,0.02403
influenza,CA-ON,2004-09-12,0.094621,0.008008
influenza,CA-ON,2004-09-19,0.092231,0.008007
influenza,CA-ON,2004-09-26,0.089382,0.008005
influenza,CA-ON,2004-10-03,0.086429,0.0
influenza,CA-ON,2004-10-10,0.082275,0.0
influenza,CA-ON,2004-10-17,0.079353,0.008
influenza,CA-ON,2004-10-24,0.079709,0.183959
influenza,CA-ON,2004-10-31,0.124238,0.015993
influenza,CA-ON,2004-11-07,0.123273,0.023985
influenza,CA-ON,2004-11-14,0.119456,0.071939
influenza,CA-ON,2004-11-21,0.129289,0.079915
influenza,CA-ON,2004-11-28,0.135481,0.135827
influenza,CA-ON,2004-12-05,0.151409,0.295562
influenza,CA-ON,2004-12-12,0.20514,0.495162
influenza,CA-ON,2004-12-19,0.307264,0.503043
influenza,CA-ON,2004-12-26,0.39372,0.965959
influenza,CA-ON,2005-01-02,0.607078,1.452627
influenza,CA-ON,2005-01-09,0.950596,1.46031
influenza,CA-ON,2005-01-16,1.195754,1.803076
influenza,CA-ON,2005-01-23,1.463279,2.400953
influenza,CA-ON,2005-01-30,1.82071,4.01938
influenza,CA-ON,2005-02-06,2.596008,4.536828
influenza,CA-ON,2005-02-13,3.12882,4.65548
influenza,CA-ON,2005-02-20,3.245623,4.614681
influenza,CA-ON,2005-02-27,3.044007,3.904549
influenza,CA-ON,2005-03-06,2.515155,4.174626
influenza,CA-ON,2005-03-13,2.145545,2.939167
influenza,CA-ON,2005-03-20,1.635308,2.245736
influenza,CA-ON,2005-03-27,1.213126,1.735712
influenza,CA-ON,2005-04-03,0.907926,1.026887
influenza,CA-ON,2005-04-10,0.659625,0.708328
influenza,CA-ON,2005-04-17,0.48853,0.46947
influenza,CA-ON,2005-04-24,0.374252,0.262532
influenza,CA-ON,2005-05-01,0.292256,0.318156
influenza,CA-ON,2005-05-08,0.252374,0.246521
influenza,CA-ON,2005-05-15,0.228458,0.159013
influenza,CA-ON,2005-05-22,0.206864,0.071541
influenza,CA-ON,2005-05-29,0.181615,0.039737
influenza,CA-ON,2005-06-05,0.15495,0.0
influenza,CA-ON,2005-06-12,0.123581,0.023833
influenza,CA-ON,2005-06-19,0.096116,0.0
influenza,CA-ON,2005-06-26,0.067648,0.007941
influenza,CA-ON,2005-07-03,0.042796,0.007939
influenza,CA-ON,2005-07-10,0.022984,0.0
influenza,CA-ON,2005-07-17,0.007982,0.0
influenza,CA-ON,2005-07-24,0.000344,0.0
influenza,CA-ON,2005-07-31,0.000576,0.0
influenza,CA-ON,2005-08-07,0.007638,0.0
influenza,CA-ON,2005-08-14,0.019932,0.0
influenza,CA-ON,2005-08-21,0.035191,0.007928
influenza,CA-ON,2005-08-28,0.052665,0.0
influenza,CA-ON,2005-09-04,0.066958,0.007925
influenza,CA-ON,2005-09-11,0.080037,0.0
influenza,CA-ON,2005-09-18,0.087945,0.0
influenza,CA-ON,2005-09-25,0.092313,0.0
influenza,CA-ON,2005-10-02,0.094085,0.0
influenza,CA-ON,2005-10-09,0.09382,0.007917
influenza,CA-ON,2005-10-16,0.094307,0.0
influenza,CA-ON,2005-10-23,0.092226,0.0
influenza,CA-ON,2005-10-30,0.089797,0.015824
influenza,CA-ON,2005-11-06,0.09167,0.00791
influenza,CA-ON,2005-11-13,0.091611,0.0
influenza,CA-ON,2005-11-20,0.089419,0.015815
influenza,CA-ON,2005-11-27,0.091542,0.007906
influenza,CA-ON,2005-12-04,0.091299,0.015808
influenza,CA-ON,2005-12-11,0.092143,0.039513
influenza,CA-ON,2005-12-18,0.098216,0.015802
influenza,CA-ON,2005-12-25,0.095769,0.078993
influenza,CA-ON,2006-01-01,0.107257,0.142159
influenza,CA-ON,2006-01-08,0.132263,0.071068
influenza,CA-ON,2006-01-15,0.131145,0.134219
influenza,CA-ON,2006-01-22,0.141388,0.268397
influenza,CA-ON,2006-01-29,0.183437,0.44989
influenza,CA-ON,2006-02-05,0.265639,0.528735
influenza,CA-ON,2006-02-12,0.354895,1.088867
influenza,CA-ON,2006-02-19,0.595505,1.593601
influenza,CA-ON,2006-02-26,0.964702,2.263823
influenza,CA-ON,2006-03-05,1.473596,2.728783
influenza,CA-ON,2006-03-12,1.960633,2.105409
influenza,CA-ON,2006-03-19,1.935649,1.900093
influenza,CA-ON,2006-03-26,1.763916,1.702723
influenza,CA-ON,2006-04-02,1.525082,1.371424
influenza,CA-ON,2006-04-09,1.231461,1.166317
influenza,CA-ON,2006-04-16,0.963788,0.756413
influenza,CA-ON,2006-04-23,0.701089,0.456928
influenza,CA-ON,2006-04-30,0.478893,0.42535
influenza,CA-ON,2006-05-07,0.328018,0.165388
influenza,CA-ON,2006-05-14,0.205502,0.047246
influenza,CA-ON,2006-05-21,0.114782,0.039366
influenza,CA-ON,2006-05-28,0.057476,0.023616
influenza,CA-ON,2006-06-04,0.021143,0.015741
influenza,CA-ON,2006-06-11,0.0,0.00787
influenza,CA-ON,2006-06-18,0.0,0.0
influenza,CA-ON,2006-06-25,0.0,0.007867
influenza,CA-ON,2006-07-02,0.0,0.0
influenza,CA-ON,2006-07-09,0.0,0.023594
influenza,CA-ON,2006-07-16,0.0,0.0
influenza,CA-ON,2006-07-23,0.0,0.015724
influenza,CA-ON,2006-07-30,0.003414,0.0
influenza,CA-ON,2006-08-06,0.007768,0.0
influenza,CA-ON,2006-08-13,0.012688,0.0
influenza,CA-ON,2006-08-20,0.018903,0.0
influenza,CA-ON,2006-08-27,0.025637,0.007856
influenza,CA-ON,2006-09-03,0.034101,0.0
influenza,CA-ON,2006-09-10,0.040476,0.007854
influenza,CA-ON,2006-09-17,0.047443,0.007852
influenza,CA-ON,2006-09-24,0.053251,0.0
influenza,CA-ON,2006-10-01,0.055707,0.0
influenza,CA-ON,2006-10-08,0.056957,0.0
influenza,CA-ON,2006-10-15,0.057267,0.0
influenza,CA-ON,2006-10-22,0.056888,0.0
influenza,CA-ON,2006-10-29,0.05612,0.086296
influenza,CA-ON,2006-11-05,0.075072,0.03922
influenza,CA-ON,2006-11-12,0.081131,0.078427
influenza,CA-ON,2006-11-19,0.093483,0.125464
influenza,CA-ON,2006-11-26,0.116131,0.211687
influenza,CA-ON,2006-12-03,0.156051,0.329241
influenza,CA-ON,2006-12-10,0.221566,0.572163
influenza,CA-ON,2006-12-17,0.34659,0.830684
influenza,CA-ON,2006-12-24,0.533932,1.966692
influenza,CA-ON,2006-12-31,1.090724,1.065453
influenza,CA-ON,2007-01-07,1.156919,0.947774
influenza,CA-ON,2007-01-14,1.128657,1.550626
influenza,CA-ON,2007-01-21,1.317813,1.832231
influenza,CA-ON,2007-01-28,1.513346,2.317281
influenza,CA-ON,2007-02-04,1.797705,1.941159
influenza,CA-ON,2007-02-11,1.818123,2.332107
influenza,CA-ON,2007-02-18,1.942821,2.253446
influenza,CA-ON,2007-02-25,1.965191,1.47856
influenza,CA-ON,2007-03-04,1.693871,1.181073
influenza,CA-ON,2007-03-11,1.428249,0.758567
influenza,CA-ON,2007-03-18,1.127527,0.297118
influenza,CA-ON,2007-03-25,0.784529,0.234525
influenza,CA-ON,2007-04-01,0.517141,0.132874
influenza,CA-ON,2007-04-08,0.310356,0.125035
influenza,CA-ON,2007-04-15,0.179532,0.07032
influenza,CA-ON,2007-04-22,0.106081,0.031248
influenza,CA-ON,2007-04-29,0.072263,0.070295
influenza,CA-ON,2007-05-06,0.072705,0.054664
influenza,CA-ON,2007-05-13,0.080617,0.039039
influenza,CA-ON,2007-05-20,0.083447,0.0
influenza,CA-ON,2007-05-27,0.073695,0.0
influenza,CA-ON,2007-06-03,0.059011,0.0
influenza,CA-ON,2007-06-10,0.04141,0.0
influenza,CA-ON,2007-06-17,0.022649,0.0
influenza,CA-ON,2007-06-24,0.005138,0.0
influenza,CA-ON,2007-07-01,0.0,0.0
influenza,CA-ON,2007-07-08,0.0,0.0
influenza,CA-ON,2007-07-15,0.0,0.007795
influenza,CA-ON,2007-07-22,0.0,0.023382
influenza,CA-ON,2007-07-29,0.0,0.0
influenza,CA-ON,2007-08-05,0.0,0.007791
influenza,CA-ON,2007-08-12,0.009253,0.0
influenza,CA-ON,2007-08-19,0.022694,0.0
influenza,CA-ON,2007-08-26,0.035001,0.015574
influenza,CA-ON,2007-09-02,0.048744,0.0
influenza,CA-ON,2007-09-09,0.056225,0.007784
influenza,CA-ON,2007-09-16,0.062225,0.007783
influenza,CA-ON,2007-09-23,0.06583,0.023344
influenza,CA-ON,2007-09-30,0.070555,0.01556
influenza,CA-ON,2007-10-07,0.071851,0.0
influenza,CA-ON,2007-10-14,0.068198,0.023332
influenza,CA-ON,2007-10-21,0.069708,0.023328
influenza,CA-ON,2007-10-28,0.071056,0.062197
influenza,CA-ON,2007-11-04,0.08089,0.054412
influenza,CA-ON,2007-11-11,0.088078,0.163208
influenza,CA-ON,2007-11-18,0.119779,0.225343
influenza,CA-ON,2007-11-25,0.164002,0.473914
influenza,CA-ON,2007-12-02,0.267278,0.831144
influenza,CA-ON,2007-12-09,0.464637,0.963025
influenza,CA-ON,2007-12-16,0.671794,1.343337
influenza,CA-ON,2007-12-23,0.959605,1.110192
influenza,CA-ON,2007-12-30,1.072054,1.047898
influenza,CA-ON,2008-01-06,1.103786,0.729522
influenza,CA-ON,2008-01-13,1.005274,0.675081
influenza,CA-ON,2008-01-20,0.912227,0.884438
influenza,CA-ON,2008-01-27,0.918622,0.829989
influenza,CA-ON,2008-02-03,0.91508,0.977204
influenza,CA-ON,2008-02-10,0.975343,1.21742
influenza,CA-ON,2008-02-17,1.124805,1.969249
influenza,CA-ON,2008-02-24,1.535807,2.596796
influenza,CA-ON,2008-03-02,2.119056,3.107874
influenza,CA-ON,2008-03-09,2.739162,2.991111
influenza,CA-ON,2008-03-16,3.041447,3.633659
influenza,CA-ON,2008-03-23,3.443066,4.020359
influenza,CA-ON,2008-03-30,3.739853,3.500758
influenza,CA-ON,2008-04-06,3.496678,2.648353
influenza,CA-ON,2008-04-13,2.838616,1.742042
influenza,CA-ON,2008-04-20,2.050719,0.944413
influenza,CA-ON,2008-04-27,1.340093,0.472126
influenza,CA-ON,2008-05-04,0.819474,0.232154
influenza,CA-ON,2008-05-11,0.485343,0.177954
influenza,CA-ON,2008-05-18,0.292984,0.077358
influenza,CA-ON,2008-05-25,0.180103,0.108283
influenza,CA-ON,2008-06-01,0.122202,0.007733
influenza,CA-ON,2008-06-08,0.082377,0.0
influenza,CA-ON,2008-06-15,0.056221,0.0
influenza,CA-ON,2008-06-22,0.038059,0.007729
influenza,CA-ON,2008-06-29,0.023571,0.007728
influenza,CA-ON,2008-07-06,0.011382,0.007727
influenza,CA-ON,2008-07-13,0.001968,0.007725
influenza,CA-ON,2008-07-20,0.0,0.007724
influenza,CA-ON,2008-07-27,0.0,0.007723
influenza,CA-ON,2008-08-03,0.001081,0.0
influenza,CA-ON,2008-08-10,0.009409,0.0
influenza,CA-ON,2008-08-17,0.021042,0.0
influenza,CA-ON,2008-08-24,0.034567,0.023152
influenza,CA-ON,2008-08-31,0.052769,0.007716
influenza,CA-ON,2008-09-07,0.066474,0.007715
influenza,CA-ON,2008-09-14,0.077471,0.0
influenza,CA-ON,2008-09-21,0.0842,0.0
influenza,CA-ON,2008-09-28,0.088066,0.0
influenza,CA-ON,2008-10-05,0.089938,0.0
influenza,CA-ON,2008-10-12,0.090289,0.007708
influenza,CA-ON,2008-10-19,0.091556,0.023121
influenza,CA-ON,2008-10-26,0.095897,0.015411
influenza,CA-ON,2008-11-02,0.097457,0.007704
influenza,CA-ON,2008-11-09,0.096294,0.030813
influenza,CA-ON,2008-11-16,0.100713,0.030807
influenza,CA-ON,2008-11-23,0.104396,0.115508
influenza,CA-ON,2008-11-30,0.128656,0.161684
influenza,CA-ON,2008-12-07,0.162441,0.300219
influenza,CA-ON,2008-12-14,0.22829,0.554157
influenza,CA-ON,2008-12-21,0.360668,0.600236
influenza,CA-ON,2009-01-11,0.486409,0.661798
influenza,CA-ON,2009-01-18,0.601507,0.723361
influenza,CA-ON,2009-01-25,0.706046,0.784488
influenza,CA-ON,2009-02-01,0.79687,1.276457
influenza,CA-ON,2009-02-08,1.034406,1.729787
influenza,CA-ON,2009-02-15,1.377141,1.883164
influenza,CA-ON,2009-02-22,1.656316,2.220915
influenza,CA-ON,2009-03-01,1.940011,2.212782
influenza,CA-ON,2009-03-08,2.065395,2.043337
influenza,CA-ON,2009-03-15,2.026596,1.873959
influenza,CA-ON,2009-03-22,1.907955,1.658579
influenza,CA-ON,2009-03-29,1.739412,1.581473
influenza,CA-ON,2009-04-05,1.596671,0.967113
influenza,CA-ON,2009-04-12,1.320896,0.721351
influenza,CA-ON,2009-04-19,1.056488,0.491033
influenza,CA-ON,2009-04-26,0.801506,0.483263
influenza,CA-ON,2009-05-03,0.606478,1.150394
influenza,CA-ON,2009-05-10,0.643266,2.139301
influenza,CA-ON,2009-05-17,1.01299,2.330523
influenza,CA-ON,2009-05-24,1.456852,2.284064
influenza,CA-ON,2009-05-31,1.781431,3.333447
influenza,CA-ON,2009-06-07,2.320261,5.232839
influenza,CA-ON,2009-06-14,3.244808,8.441324
influenza,CA-ON,2009-06-21,4.800928,6.027206
influenza,CA-ON,2009-06-28,4.223001,2.963225
influenza,CA-ON,2009-07-05,2.68032,2.411441
influenza,CA-ON,2009-07-12,1.76591,1.163381
influenza,CA-ON,2009-07-19,1.071586,0.880012
influenza,CA-ON,2009-07-26,0.659705,0.581456
influenza,CA-ON,2009-08-02,0.417323,0.47425
influenza,CA-ON,2009-08-09,0.27636,0.290611
influenza,CA-ON,2009-08-16,0.1908,0.244676
influenza,CA-ON,2009-08-23,0.148639,0.221693
influenza,CA-ON,2009-08-30,0.140404,0.152861
influenza,CA-ON,2009-09-06,0.151725,0.061132
influenza,CA-ON,2009-09-13,0.169945,0.091679
influenza,CA-ON,2009-09-20,0.202943,0.114576
influenza,CA-ON,2009-09-27,0.242907,0.221469
influenza,CA-ON,2009-10-04,0.302596,0.351226
influenza,CA-ON,2009-10-11,0.381165,0.748113
influenza,CA-ON,2009-10-18,0.546557,1.854641
influenza,CA-ON,2009-10-25,1.017965,3.609336
influenza,CA-ON,2009-11-01,1.977098,8.132724
influenza,CA-ON,2009-11-08,4.213243,13.432316
influenza,CA-ON,2009-11-15,7.647135,11.561213
influenza,CA-ON,2009-11-22,7.274526,6.328417
influenza,CA-ON,2009-11-29,4.471662,3.117834
influenza,CA-ON,2009-12-06,2.844197,1.158473
influenza,CA-ON,2009-12-13,1.797081,0.381
influenza,CA-ON,2009-12-20,1.145966,0.243791
influenza,CA-ON,2009-12-27,0.759218,0.129488
influenza,CA-ON,2010-01-03,0.534648,0.068539
influenza,CA-ON,2010-01-10,0.421164,0.060911
influenza,CA-ON,2010-01-17,0.384561,0.076124
influenza,CA-ON,2010-01-24,0.388803,0.098943
influenza,CA-ON,2010-01-31,0.403166,0.00761
influenza,CA-ON,2010-02-07,0.389529,0.022825
influenza,CA-ON,2010-02-14,0.356851,0.015214
influenza,CA-ON,2010-02-21,0.308243,0.022816
influenza,CA-ON,2010-02-28,0.256342,0.030416
influenza,CA-ON,2010-03-07,0.209342,0.038013
influenza,CA-ON,2010-03-14,0.170538,0.0
influenza,CA-ON,2010-03-21,0.132702,0.045599
influenza,CA-ON,2010-03-28,0.108111,0.037992
influenza,CA-ON,2010-04-04,0.086893,0.007597
influenza,CA-ON,2010-04-11,0.063565,0.007596
influenza,CA-ON,2010-04-18,0.04416,0.0
influenza,CA-ON,2010-04-25,0.027459,0.0
influenza,CA-ON,2010-05-02,0.014417,0.015183
influenza,CA-ON,2010-05-09,0.007678,0.00759
influenza,CA-ON,2010-05-16,0.002294,0.007589
influenza,CA-ON,2010-05-23,0.0,0.0
influenza,CA-ON,2010-05-30,0.0,0.007586
influenza,CA-ON,2010-06-06,0.0,0.0
influenza,CA-ON,2010-06-13,0.0,0.0
influenza,CA-ON,2010-06-20,0.0,0.0
influenza,CA-ON,2010-06-27,0.0,0.00758
influenza,CA-ON,2010-07-04,0.0,0.0
influenza,CA-ON,2010-07-11,0.0,0.0
influenza,CA-ON,2010-07-18,0.0,0.0
influenza,CA-ON,2010-07-25,0.0,0.0
influenza,CA-ON,2010-08-01,0.0,0.0
influenza,CA-ON,2010-08-08,0.0,0.0
influenza,CA-ON,2010-08-15,0.002144,0.007571
influenza,CA-ON,2010-08-22,0.012008,0.007569
influenza,CA-ON,2010-08-29,0.022927,0.0
influenza,CA-ON,2010-09-05,0.032548,0.007567
influenza,CA-ON,2010-09-12,0.043535,0.0
influenza,CA-ON,2010-09-19,0.052149,0.007564
influenza,CA-ON,2010-09-26,0.06107,0.03025
influenza,CA-ON,2010-10-03,0.073757,0.045367
influenza,CA-ON,2010-10-10,0.087861,0.105836
influenza,CA-ON,2010-10-17,0.113431,0.030233
influenza,CA-ON,2010-10-24,0.116618,0.068013
influenza,CA-ON,2010-10-31,0.124004,0.052889
influenza,CA-ON,2010-11-07,0.1234,0.083096
influenza,CA-ON,2010-11-14,0.122388,0.113293
influenza,CA-ON,2010-11-21,0.125351,0.196338
influenza,CA-ON,2010-11-28,0.147547,0.302004
influenza,CA-ON,2010-12-05,0.195162,0.384985
influenza,CA-ON,2010-12-12,0.258353,0.807567
influenza,CA-ON,2010-12-19,0.431707,1.441282
influenza,CA-ON,2010-12-26,0.783801,2.436909
influenza,CA-ON,2011-01-02,1.418679,3.741446
influenza,CA-ON,2011-01-09,2.341559,5.218972
influenza,CA-ON,2011-01-16,3.371941,5.097372
influenza,CA-ON,2011-01-23,3.532315,3.822315
influenza,CA-ON,2011-01-30,2.874744,3.309039
influenza,CA-ON,2011-02-06,2.313524,3.308421
influenza,CA-ON,2011-02-13,1.93599,3.187245
influenza,CA-ON,2011-02-20,1.64896,2.365504
influenza,CA-ON,2011-02-27,1.33747,2.011056
influenza,CA-ON,2011-03-06,1.107131,1.445883
influenza,CA-ON,2011-03-13,0.910223,1.264911
influenza,CA-ON,2011-03-20,0.784344,1.279731
influenza,CA-ON,2011-03-27,0.741632,0.812854
influenza,CA-ON,2011-04-03,0.685829,0.647152
influenza,CA-ON,2011-04-10,0.634904,0.677125
influenza,CA-ON,2011-04-17,0.603834,0.549122
influenza,CA-ON,2011-04-24,0.556404,0.240666
influenza,CA-ON,2011-05-01,0.46679,0.203024
influenza,CA-ON,2011-05-08,0.388082,0.097734
influenza,CA-ON,2011-05-15,0.310366,0.075166
influenza,CA-ON,2011-05-22,0.244072,0.060122
influenza,CA-ON,2011-05-29,0.191298,0.015028
influenza,CA-ON,2011-06-05,0.143896,0.007512
influenza,CA-ON,2011-06-12,0.105026,0.007511
influenza,CA-ON,2011-06-19,0.073373,0.00751
influenza,CA-ON,2011-06-26,0.046842,0.0
influenza,CA-ON,2011-07-03,0.024761,0.0
influenza,CA-ON,2011-07-10,0.008602,0.015011
influenza,CA-ON,2011-07-17,0.000907,0.0
influenza,CA-ON,2011-07-24,0.0,0.0
influenza,CA-ON,2011-07-31,0.0,0.0
influenza,CA-ON,2011-08-07,0.00704,0.0075
influenza,CA-ON,2011-08-14,0.019663,0.007498
influenza,CA-ON,2011-08-21,0.034191,0.0
influenza,CA-ON,2011-08-28,0.047151,0.0
influenza,CA-ON,2011-09-04,0.058775,0.0
influenza,CA-ON,2011-09-11,0.068215,0.0
influenza,CA-ON,2011-09-18,0.074988,0.0
influenza,CA-ON,2011-09-25,0.079219,0.0
influenza,CA-ON,2011-10-02,0.081239,0.0
influenza,CA-ON,2011-10-09,0.081546,0.007487
influenza,CA-ON,2011-10-16,0.082398,0.0
influenza,CA-ON,2011-10-23,0.080835,0.007485
influenza,CA-ON,2011-10-30,0.080761,0.007483
influenza,CA-ON,2011-11-06,0.080939,0.007482
influenza,CA-ON,2011-11-13,0.081165,0.0
influenza,CA-ON,2011-11-20,0.079926,0.0
influenza,CA-ON,2011-11-27,0.079072,0.02991
influenza,CA-ON,2011-12-04,0.086101,0.037381
influenza,CA-ON,2011-12-11,0.09461,0.037374
influenza,CA-ON,2011-12-18,0.101341,0.089681
influenza,CA-ON,2011-12-25,0.119495,0.097137
influenza,CA-ON,2012-01-01,0.135407,0.134472
influenza,CA-ON,2012-01-08,0.154927,0.231548
influenza,CA-ON,2012-01-15,0.194242,0.276313
influenza,CA-ON,2012-01-22,0.236269,0.283732
influenza,CA-ON,2012-01-29,0.268648,0.403129
influenza,CA-ON,2012-02-05,0.325258,0.462772
influenza,CA-ON,2012-02-12,0.385549,0.835832
influenza,CA-ON,2012-02-19,0.544639,1.208764
influenza,CA-ON,2012-02-26,0.798759,1.514426
influenza,CA-ON,2012-03-04,1.095328,2.274979
influenza,CA-ON,2012-03-11,1.575408,3.259002
influenza,CA-ON,2012-03-18,2.241377,3.996626
influenza,CA-ON,2012-03-25,2.845,4.159954
influenza,CA-ON,2012-04-01,3.045902,2.534305
influenza,CA-ON,2012-04-08,2.355394,1.214767
influenza,CA-ON,2012-04-15,1.567689,1.303975
influenza,CA-ON,2012-04-22,1.093182,1.318651
influenza,CA-ON,2012-04-29,0.785313,1.080066
influenza,CA-ON,2012-05-06,0.56904,0.796878
influenza,CA-ON,2012-05-13,0.416241,0.729726
influenza,CA-ON,2012-05-20,0.322134,0.416915
influenza,CA-ON,2012-05-27,0.243688,0.282858
influenza,CA-ON,2012-06-03,0.184447,0.119078
influenza,CA-ON,2012-06-10,0.133785,0.052088
influenza,CA-ON,2012-06-17,0.093061,0.044639
influenza,CA-ON,2012-06-24,0.06518,0.014877
influenza,CA-ON,2012-07-01,0.04298,0.014875
influenza,CA-ON,2012-07-08,0.028245,0.0
influenza,CA-ON,2012-07-15,0.018024,0.007435
influenza,CA-ON,2012-07-22,0.012443,0.029734
influenza,CA-ON,2012-07-29,0.012742,0.014864
influenza,CA-ON,2012-08-05,0.012753,0.044586
influenza,CA-ON,2012-08-12,0.019652,0.0
influenza,CA-ON,2012-08-19,0.020985,0.007428
influenza,CA-ON,2012-08-26,0.02517,0.007427
influenza,CA-ON,2012-09-02,0.031861,0.014852
influenza,CA-ON,2012-09-09,0.041081,0.007425
influenza,CA-ON,2012-09-16,0.049586,0.0
influenza,CA-ON,2012-09-23,0.056136,0.007422
influenza,CA-ON,2012-09-30,0.063445,0.014842
influenza,CA-ON,2012-10-07,0.071017,0.014839
influenza,CA-ON,2012-10-14,0.07682,0.022255
influenza,CA-ON,2012-10-21,0.082546,0.07417
influenza,CA-ON,2012-10-28,0.098561,0.111236
influenza,CA-ON,2012-11-04,0.120844,0.177947
influenza,CA-ON,2012-11-11,0.155339,0.192743
influenza,CA-ON,2012-11-18,0.188132,0.4966
influenza,CA-ON,2012-11-25,0.296078,0.7633
influenza,CA-ON,2012-12-02,0.471295,1.341105
influenza,CA-ON,2012-12-09,0.808494,2.326161
influenza,CA-ON,2012-12-16,1.444481,3.266441
influenza,CA-ON,2012-12-23,2.235351,5.258001
influenza,CA-ON,2012-12-30,3.448102,7.656124
influenza,CA-ON,2013-01-06,4.936656,17.064178
influenza,CA-ON,2013-01-13,9.799328,10.695682
influenza,CA-ON,2013-01-20,7.796174,4.891859
influenza,CA-ON,2013-01-27,4.545564,2.908033
influenza,CA-ON,2013-02-03,2.889024,2.145551
influenza,CA-ON,2013-02-10,1.854494,1.819744
influenza,CA-ON,2013-02-17,1.228106,1.390488
influenza,CA-ON,2013-02-24,0.855644,1.2054
influenza,CA-ON,2013-03-03,0.651637,1.397461
influenza,CA-ON,2013-03-10,0.583899,1.012821
influenza,CA-ON,2013-03-17,0.553124,0.953534
influenza,CA-ON,2013-03-24,0.561169,0.731671
influenza,CA-ON,2013-03-31,0.562412,0.687223
influenza,CA-ON,2013-04-07,0.560706,0.679731
influenza,CA-ON,2013-04-14,0.554579,0.650079
influenza,CA-ON,2013-04-21,0.539947,0.672139
influenza,CA-ON,2013-04-28,0.525823,0.546492
influenza,CA-ON,2013-05-05,0.487191,0.420883
influenza,CA-ON,2013-05-12,0.428928,0.332226
influenza,CA-ON,2013-05-19,0.364568,0.140252
influenza,CA-ON,2013-05-26,0.284592,0.103328
influenza,CA-ON,2013-06-02,0.214762,0.081174
influenza,CA-ON,2013-06-09,0.157111,0.036892
influenza,CA-ON,2013-06-16,0.106534,0.022132
influenza,CA-ON,2013-06-23,0.066403,0.014752
influenza,CA-ON,2013-06-30,0.037222,0.007375
influenza,CA-ON,2013-07-07,0.018568,0.0
influenza,CA-ON,2013-07-14,0.010438,0.014746
influenza,CA-ON,2013-07-21,0.015344,0.007372
influenza,CA-ON,2013-07-28,0.027075,0.007371
influenza,CA-ON,2013-08-04,0.0432,0.0
influenza,CA-ON,2013-08-11,0.059101,0.036842
influenza,CA-ON,2013-08-18,0.080712,0.0
influenza,CA-ON,2013-08-25,0.091228,0.0
influenza,CA-ON,2013-09-01,0.096981,0.022095
influenza,CA-ON,2013-09-08,0.104453,0.022092
influenza,CA-ON,2013-09-15,0.108447,0.0
influenza,CA-ON,2013-09-22,0.104808,0.014723
influenza,CA-ON,2013-09-29,0.103474,0.0
influenza,CA-ON,2013-10-06,0.098472,0.029438
influenza,CA-ON,2013-10-13,0.100481,0.051508
influenza,CA-ON,2013-10-20,0.108714,0.073572
influenza,CA-ON,2013-10-27,0.121887,0.066205
influenza,CA-ON,2013-11-03,0.132338,0.07355
influenza,CA-ON,2013-11-10,0.143088,0.13237
influenza,CA-ON,2013-11-17,0.1676,0.18382
influenza,CA-ON,2013-11-24,0.20293,0.323474
influenza,CA-ON,2013-12-01,0.271962,0.441034
influenza,CA-ON,2013-12-08,0.36658,1.205312
influenza,CA-ON,2013-12-15,0.695445,1.734212
influenza,CA-ON,2013-12-22,1.175944,3.335652
influenza,CA-ON,2013-12-29,2.154978,5.215764
influenza,CA-ON,2014-01-05,3.501624,6.522396
influenza,CA-ON,2014-01-12,4.570415,6.323129
influenza,CA-ON,2014-01-19,4.494184,5.044595
influenza,CA-ON,2014-01-26,3.644927,3.648978
influenza,CA-ON,2014-02-02,2.73935,2.525332
influenza,CA-ON,2014-02-09,1.97258,2.466293
influenza,CA-ON,2014-02-16,1.491193,1.702702
influenza,CA-ON,2014-02-23,1.092915,1.739179
influenza,CA-ON,2014-03-02,0.863725,1.885707
influenza,CA-ON,2014-03-09,0.769034,2.142245
influenza,CA-ON,2014-03-16,0.789854,2.538094
influenza,CA-ON,2014-03-23,0.941584,2.596452
influenza,CA-ON,2014-03-30,1.169492,2.911473
influenza,CA-ON,2014-04-06,1.497048,3.571054
influenza,CA-ON,2014-04-13,1.984244,3.783228
influenza,CA-ON,2014-04-20,2.455969,2.939696
influenza,CA-ON,2014-04-27,2.482383,2.521517
influenza,CA-ON,2014-05-04,2.277175,2.103442
influenza,CA-ON,2014-05-11,1.935693,1.282426
influenza,CA-ON,2014-05-18,1.455905,0.835303
influenza,CA-ON,2014-05-25,1.042503,0.520167
influenza,CA-ON,2014-06-01,0.723553,0.168484
influenza,CA-ON,2014-06-08,0.471235,0.102542
influenza,CA-ON,2014-06-15,0.302312,0.043941
influenza,CA-ON,2014-06-22,0.189328,0.036613
influenza,CA-ON,2014-06-29,0.117277,0.058574
influenza,CA-ON,2014-07-06,0.077869,0.043925
influenza,CA-ON,2014-07-13,0.056954,0.02196
influenza,CA-ON,2014-07-20,0.047115,0.021957
influenza,CA-ON,2014-07-27,0.048417,0.014636
influenza,CA-ON,2014-08-03,0.056405,0.036585
influenza,CA-ON,2014-08-10,0.072829,0.007316
influenza,CA-ON,2014-08-17,0.086129,0.0
influenza,CA-ON,2014-08-24,0.097295,0.007314
influenza,CA-ON,2014-08-31,0.108424,0.007313
influenza,CA-ON,2014-09-07,0.116955,0.02925
influenza,CA-ON,2014-09-14,0.127542,0.036558
influenza,CA-ON,2014-09-21,0.137047,0.043864
influenza,CA-ON,2014-09-28,0.145045,0.043858
influenza,CA-ON,2014-10-05,0.15025,0.029235
influenza,CA-ON,2014-10-12,0.149386,0.080387
influenza,CA-ON,2014-10-19,0.159668,0.109605
influenza,CA-ON,2014-10-26,0.175995,0.094979
influenza,CA-ON,2014-11-02,0.185643,0.102272
influenza,CA-ON,2014-11-09,0.194985,0.109564
influenza,CA-ON,2014-11-16,0.204327,0.299436
influenza,CA-ON,2014-11-23,0.263803,0.481959
influenza,CA-ON,2014-11-30,0.37186,0.934591
influenza,CA-ON,2014-12-07,0.611937,1.606127
influenza,CA-ON,2014-12-14,1.063232,3.328645
influenza,CA-ON,2014-12-21,2.091512,6.488585
influenza,CA-ON,2015-01-11,4.052567,9.65503
influenza,CA-ON,2015-01-18,6.473233,12.703931
influenza,CA-ON,2015-01-25,8.487048,11.049963
influenza,CA-ON,2015-02-01,7.511906,9.395995
influenza,CA-ON,2015-02-08,6.252296,7.737901
influenza,CA-ON,2015-02-15,5.103198,6.671549
influenza,CA-ON,2015-02-22,4.16491,5.999337
influenza,CA-ON,2015-03-01,3.372242,5.407608
influenza,CA-ON,2015-03-08,2.707615,4.386273
influenza,CA-ON,2015-03-15,2.153507,3.678649
influenza,CA-ON,2015-03-22,1.782223,2.497981
influenza,CA-ON,2015-03-29,1.464543,2.592047
influenza,CA-ON,2015-04-05,1.35594,2.46769
influenza,CA-ON,2015-04-12,1.383003,2.095952
influenza,CA-ON,2015-04-19,1.431335,1.695285
influenza,CA-ON,2015-04-26,1.430007,1.5785
influenza,CA-ON,2015-05-03,1.403957,1.789032
influenza,CA-ON,2015-05-10,1.418331,1.548676
influenza,CA-ON,2015-05-17,1.339285,1.068554
influenza,CA-ON,2015-05-24,1.128624,0.806678
influenza,CA-ON,2015-05-31,0.898736,0.668441
influenza,CA-ON,2015-06-07,0.701765,0.428574
influenza,CA-ON,2015-06-14,0.529061,0.152507
influenza,CA-ON,2015-06-21,0.377288,0.188775
influenza,CA-ON,2015-06-28,0.273537,0.06533
influenza,CA-ON,2015-07-05,0.185656,0.108857
influenza,CA-ON,2015-07-12,0.123106,0.058044
influenza,CA-ON,2015-07-19,0.074369,0.087045
influenza,CA-ON,2015-07-26,0.04646,0.014504
influenza,CA-ON,2015-08-02,0.028865,0.014501
influenza,CA-ON,2015-08-09,0.030059,0.036243
influenza,CA-ON,2015-08-16,0.053831,0.021741
influenza,CA-ON,2015-08-23,0.087224,0.086943
influenza,CA-ON,2015-08-30,0.137234,0.021731
influenza,CA-ON,2015-09-06,0.167801,0.014484
influenza,CA-ON,2015-09-13,0.184112,0.00724
influenza,CA-ON,2015-09-20,0.187923,0.014477
influenza,CA-ON,2015-09-27,0.183086,0.007237
influenza,CA-ON,2015-10-04,0.170727,0.028941
influenza,CA-ON,2015-10-11,0.160794,0.014467
influenza,CA-ON,2015-10-18,0.147104,0.065086
influenza,CA-ON,2015-10-25,0.146398,0.180752
influenza,CA-ON,2015-11-01,0.176156,0.122882
influenza,CA-ON,2015-11-08,0.189666,0.057814
influenza,CA-ON,2015-11-15,0.183234,0.036125
influenza,CA-ON,2015-11-22,0.17183,0.10835
influenza,CA-ON,2015-11-29,0.179757,0.115546
influenza,CA-ON,2015-12-06,0.190302,0.086639
influenza,CA-ON,2015-12-13,0.192213,0.072183
influenza,CA-ON,2015-12-20,0.189832,0.064949
influenza,CA-ON,2015-12-27,0.184051,0.144298
influenza,CA-ON,2016-01-03,0.197336,0.209184
influenza,CA-ON,2016-01-10,0.223686,0.216347
influenza,CA-ON,2016-01-17,0.242834,0.425383
influenza,CA-ON,2016-01-24,0.310411,0.475741
influenza,CA-ON,2016-01-31,0.377908,0.569309
influenza,CA-ON,2016-02-07,0.452314,0.734861
influenza,CA-ON,2016-02-14,0.559941,1.390099
influenza,CA-ON,2016-02-21,0.854319,2.196198
influenza,CA-ON,2016-02-28,1.366488,3.858514
influenza,CA-ON,2016-03-06,2.332288,5.030557
influenza,CA-ON,2016-03-13,3.307038,7.058162
influenza,CA-ON,2016-03-20,4.386278,9.113449
influenza,CA-ON,2016-03-27,5.234018,11.102918
influenza,CA-ON,2016-04-03,5.959759,11.524101
influenza,CA-ON,2016-04-10,6.264532,8.854579
influenza,CA-ON,2016-04-17,5.290568,5.410481
influenza,CA-ON,2016-04-24,3.682231,4.547037
influenza,CA-ON,2016-05-01,2.593228,3.353709
influenza,CA-ON,2016-05-08,1.753779,2.929224
influenza,CA-ON,2016-05-15,1.237032,2.174798
influenza,CA-ON,2016-05-22,0.902838,1.564288
influenza,CA-ON,2016-05-29,0.685649,1.341485
influenza,CA-ON,2016-06-05,0.570487,0.867788
influenza,CA-ON,2016-06-12,0.484074,0.516232
influenza,CA-ON,2016-06-19,0.404069,0.394238
influenza,CA-ON,2016-06-26,0.345473,0.150487
influenza,CA-ON,2016-07-03,0.285741,0.035821
influenza,CA-ON,2016-07-10,0.231178,0.035811
influenza,CA-ON,2016-07-17,0.191075,0.014321
influenza,CA-ON,2016-07-24,0.157417,0.021475
influenza,CA-ON,2016-07-31,0.128368,0.02147
influenza,CA-ON,2016-08-07,0.101504,0.035773
influenza,CA-ON,2016-08-14,0.078572,0.035763
influenza,CA-ON,2016-08-21,0.060882,0.042905
influenza,CA-ON,2016-08-28,0.052441,0.014298
influenza,CA-ON,2016-09-04,0.049555,0.007147
influenza,CA-ON,2016-09-11,0.055817,0.01429
influenza,CA-ON,2016-09-18,0.072699,0.014286
influenza,CA-ON,2016-09-25,0.094802,0.014283
influenza,CA-ON,2016-10-02,0.117968,0.014279
influenza,CA-ON,2016-10-09,0.138423,0.0571
influenza,CA-ON,2016-10-16,0.16347,0.135576
influenza,CA-ON,2016-10-23,0.201012,0.05707
influenza,CA-ON,2016-10-30,0.2098,0.035659
influenza,CA-ON,2016-11-06,0.205174,0.078429
influenza,CA-ON,2016-11-13,0.208368,0.163944
influenza,CA-ON,2016-11-20,0.230594,0.078387
influenza,CA-ON,2016-11-27,0.225721,0.242224
influenza,CA-ON,2016-12-04,0.263666,0.256404
influenza,CA-ON,2016-12-11,0.303039,0.277697
influenza,CA-ON,2016-12-18,0.338593,0.462706
influenza,CA-ON,2016-12-25,0.424201,0.754367
influenza,CA-ON,2017-01-01,0.590654,1.29489
influenza,CA-ON,2017-01-08,0.920769,2.169434
influenza,CA-ON,2017-01-15,1.520591,4.046167
influenza,CA-ON,2017-01-22,2.675859,8.374556
influenza,CA-ON,2017-01-29,5.15569,9.701396
influenza,CA-ON,2017-02-05,6.776818,8.383827
influenza,CA-ON,2017-02-12,5.940485,6.988989
influenza,CA-ON,2017-02-19,4.789954,5.538252
influenza,CA-ON,2017-02-26,3.747705,4.947318
influenza,CA-ON,2017-03-05,3.011695,4.789606
influenza,CA-ON,2017-03-12,2.485497,4.653277
influenza,CA-ON,2017-03-19,2.085469,4.431943
influenza,CA-ON,2017-03-26,1.810264,3.445161
influenza,CA-ON,2017-04-02,1.55872,2.834604
influenza,CA-ON,2017-04-09,1.388527,2.606991
influenza,CA-ON,2017-04-16,1.337331,2.089166
influenza,CA-ON,2017-04-23,1.31836,1.847782
influenza,CA-ON,2017-04-30,1.3217,1.5924
influenza,CA-ON,2017-05-07,1.296561,1.422083
influenza,CA-ON,2017-05-14,1.241692,1.138713
influenza,CA-ON,2017-05-21,1.130074,1.209049
influenza,CA-ON,2017-05-28,1.041567,0.749227
influenza,CA-ON,2017-06-04,0.865548,0.473415
influenza,CA-ON,2017-06-11,0.675118,0.494453
influenza,CA-ON,2017-06-18,0.537444,0.338944
influenza,CA-ON,2017-06-25,0.415855,0.162358
influenza,CA-ON,2017-07-02,0.30584,0.134079
influenza,CA-ON,2017-07-09,0.221518,0.105817
influenza,CA-ON,2017-07-16,0.154606,0.056418
influenza,CA-ON,2017-07-23,0.0988,0.03525
influenza,CA-ON,2017-07-30,0.057136,0.014095
influenza,CA-ON,2017-08-06,0.029782,0.035227
influenza,CA-ON,2017-08-13,0.02288,0.056345
influenza,CA-ON,2017-08-20,0.037012,0.021123
influenza,CA-ON,2017-08-27,0.058552,0.04927
influenza,CA-ON,2017-09-03,0.092997,0.042218
influenza,CA-ON,2017-09-10,0.127194,0.014068
influenza,CA-ON,2017-09-17,0.148848,0.028127
influenza,CA-ON,2017-09-24,0.165445,0.056236
influenza,CA-ON,2017-10-01,0.180301,0.133518
influenza,CA-ON,2017-10-08,0.205907,0.021075
influenza,CA-ON,2017-10-15,0.196128,0.063205
influenza,CA-ON,2017-10-22,0.191586,0.084246
influenza,CA-ON,2017-10-29,0.191822,0.056146
influenza,CA-ON,2017-11-05,0.182335,0.084192
influenza,CA-ON,2017-11-12,0.181018,0.049096
influenza,CA-ON,2017-11-19,0.171981,0.119195
influenza,CA-ON,2017-11-26,0.182068,0.161213
influenza,CA-ON,2017-12-03,0.204543,0.196196
influenza,CA-ON,2017-12-10,0.233784,0.413281
influenza,CA-ON,2017-12-17,0.321519,0.385138
influenza,CA-ON,2017-12-24,0.390422,0.749029
influenza,CA-ON,2017-12-31,0.558165,0.790777
influenza,CA-ON,2018-01-07,0.713803,1.609031
influenza,CA-ON,2018-01-14,1.124342,3.014219
influenza,CA-ON,2018-01-21,1.982424,11.437786
influenza,CA-ON,2018-01-28,5.734915,10.413722
influenza,CA-ON,2018-02-04,7.258026,9.68379
influenza,CA-ON,2018-02-11,6.476675,10.840181
influenza,CA-ON,2018-02-18,6.271269,10.634266
influenza,CA-ON,2018-02-25,5.987331,11.196304
influenza,CA-ON,2018-03-04,6.162784,10.355406
influenza,CA-ON,2018-03-11,6.03955,9.061606
influenza,CA-ON,2018-03-18,5.536856,7.859282
influenza,CA-ON,2018-03-25,4.833025,5.737487
influenza,CA-ON,2018-04-01,3.760547,5.038754
influenza,CA-ON,2018-04-08,2.97337,3.769165
influenza,CA-ON,2018-04-15,2.306475,3.61475
influenza,CA-ON,2018-04-22,1.981388,3.216741
influenza,CA-ON,2018-04-29,1.879665,2.498801
influenza,CA-ON,2018-05-06,1.823493,1.572566
influenza,CA-ON,2018-05-13,1.654897,1.092102
influenza,CA-ON,2018-05-20,1.431204,0.730157
influenza,CA-ON,2018-05-27,1.174368,0.396246
influenza,CA-ON,2018-06-03,0.904136,0.173738
influenza,CA-ON,2018-06-10,0.670168,0.125052
influenza,CA-ON,2018-06-17,0.499656,0.069451
influenza,CA-ON,2018-06-24,0.37503,0.020829
influenza,CA-ON,2018-07-01,0.282926,0.006941
influenza,CA-ON,2018-07-08,0.214339,0.013877
influenza,CA-ON,2018-07-15,0.161019,0.013873
influenza,CA-ON,2018-07-22,0.115059,0.013868
influenza,CA-ON,2018-07-29,0.074782,0.013864
influenza,CA-ON,2018-08-05,0.04315,0.01386
influenza,CA-ON,2018-08-12,0.025258,0.034639
influenza,CA-ON,2018-08-19,0.028129,0.020777
influenza,CA-ON,2018-08-26,0.04683,0.027693
influenza,CA-ON,2018-09-02,0.079839,0.006921
influenza,CA-ON,2018-09-09,0.113506,0.013838
influenza,CA-ON,2018-09-16,0.143889,0.041501
influenza,CA-ON,2018-09-23,0.17082,0.027659
influenza,CA-ON,2018-09-30,0.182402,0.020738
influenza,CA-ON,2018-10-07,0.181421,0.020731
influenza,CA-ON,2018-10-14,0.173367,0.020725
influenza,CA-ON,2018-10-21,0.161349,0.041436
influenza,CA-ON,2018-10-28,0.15359,0.020712
influenza,CA-ON,2018-11-04,0.14183,0.138035
influenza,CA-ON,2018-11-11,0.160967,0.137992
influenza,CA-ON,2018-11-18,0.181406,0.206923
influenza,CA-ON,2018-11-25,0.216877,0.330973
influenza,CA-ON,2018-12-02,0.283415,0.310191
influenza,CA-ON,2018-12-09,0.334852,0.530605
influenza,CA-ON,2018-12-16,0.439981,0.88177
influenza,CA-ON,2018-12-23,0.642063,1.51507
influenza,CA-ON,2018-12-30,1.03005,2.340743
influenza,CA-ON,2019-01-06,1.640934,4.246437
influenza,CA-ON,2019-01-13,2.757267,6.653202
influenza,CA-ON,2019-01-20,4.280568,7.12572
influenza,CA-ON,2019-01-27,4.948623,6.050851
influenza,CA-ON,2019-02-03,4.355595,6.06979
influenza,CA-ON,2019-02-10,3.956055,5.573381
influenza,CA-ON,2019-02-17,3.488597,5.661221
influenza,CA-ON,2019-02-24,3.195486,4.677513
influenza,CA-ON,2019-03-03,2.711224,3.907196
influenza,CA-ON,2019-03-10,2.187017,3.549184
influenza,CA-ON,2019-03-17,1.775929,3.349214
influenza,CA-ON,2019-03-24,1.518715,3.355189
influenza,CA-ON,2019-03-31,1.43438,3.265128
influenza,CA-ON,2019-04-07,1.492431,3.051676
influenza,CA-ON,2019-04-14,1.652241,3.071437
influenza,CA-ON,2019-04-21,1.9122,2.981523
influenza,CA-ON,2019-04-28,2.168461,3.05611
influenza,CA-ON,2019-05-05,2.405823,2.507266
influenza,CA-ON,2019-05-12,2.379323,1.67107
influenza,CA-ON,2019-05-19,2.016493,1.116035
influenza,CA-ON,2019-05-26,1.549385,0.95146
influenza,CA-ON,2019-06-02,1.163862,0.711696
influenza,CA-ON,2019-06-09,0.853601,0.417327
influenza,CA-ON,2019-06-16,0.606349,0.225707
influenza,CA-ON,2019-06-23,0.422233,0.136756
influenza,CA-ON,2019-06-30,0.290214,0.157228
influenza,CA-ON,2019-07-07,0.202973,0.143518
influenza,CA-ON,2019-07-14,0.143457,0.047827
influenza,CA-ON,2019-07-21,0.094167,0.034153
influenza,CA-ON,2019-07-28,0.061131,0.020486
influenza,CA-ON,2019-08-04,0.0421,0.013654
influenza,CA-ON,2019-08-11,0.036502,0.034126
influenza,CA-ON,2019-08-18,0.048561,0.013647
influenza,CA-ON,2019-08-25,0.067932,0.020465
influenza,CA-ON,2019-09-01,0.093138,0.047739
influenza,CA-ON,2019-09-08,0.123572,0.06818
influenza,CA-ON,2019-09-15,0.153577,0.020449
influenza,CA-ON,2019-09-22,0.165414,0.027258
influenza,CA-ON,2019-09-29,0.171335,0.047689
influenza,CA-ON,2019-10-06,0.176442,0.047676
influenza,CA-ON,2019-10-13,0.176356,0.047664
influenza,CA-ON,2019-10-20,0.173354,0.040844
influenza,CA-ON,2019-10-27,0.167278,0.027222
influenza,CA-ON,2019-11-03,0.157354,0.088449
influenza,CA-ON,2019-11-10,0.163624,0.122435
influenza,CA-ON,2019-11-17,0.17918,0.108803
influenza,CA-ON,2019-11-24,0.189568,0.176758
influenza,CA-ON,2019-12-01,0.216696,0.326237
influenza,CA-ON,2019-12-08,0.282553,0.489228
influenza,CA-ON,2019-12-15,0.388226,0.937441
influenza,CA-ON,2019-12-22,0.622962,1.460123
influenza,CA-ON,2019-12-29,1.00928,2.349165
influenza,CA-ON,2020-01-05,1.643827,4.296625
influenza,CA-ON,2020-01-12,2.816931,8.278849
influenza,CA-ON,2020-01-19,5.125,11.214227
influenza,CA-ON,2020-01-26,7.434842,9.149447
influenza,CA-ON,2020-02-02,6.360409,8.022194
influenza,CA-ON,2020-02-09,5.279009,7.97389
influenza,CA-ON,2020-02-16,4.734636,7.010324
influenza,CA-ON,2020-02-23,4.117281,6.067297
influenza,CA-ON,2020-03-01,3.456198,4.873666
influenza,CA-ON,2020-03-08,2.71509,4.032723
influenza,CA-ON,2020-03-15,2.096002,3.740892
influenza,CA-ON,2020-03-22,1.720133,3.232282
influenza,CA-ON,2020-03-29,1.491792,3.028677
influenza,CA-ON,2020-04-05,1.412897,1.43627
influenza,CA-ON,2020-04-12,1.226555,0.731608
influenza,CA-ON,2020-04-19,1.028762,0.176109
influenza,CA-ON,2020-04-26,0.796409,0.149
influenza,CA-ON,2020-05-03,0.607909,0.054176
influenza,CA-ON,2020-05-10,0.467415,0.067713
influenza,CA-ON,2020-05-17,0.376054,0.040624
influenza,CA-ON,2020-05-24,0.312017,0.02708
influenza,CA-ON,2020-05-31,0.262469,0.060923
influenza,CA-ON,2020-06-07,0.227025,0.033842
influenza,CA-ON,2020-06-14,0.192701,0.06091
influenza,CA-ON,2020-06-21,0.162982,0.013534
influenza,CA-ON,2020-06-28,0.12793,0.013533
influenza,CA-ON,2020-07-05,0.092733,0.0
influenza,CA-ON,2020-07-12,0.059222,0.006765
influenza,CA-ON,2020-07-19,0.031811,0.0
influenza,CA-ON,2020-07-26,0.01193,0.013527
influenza,CA-ON,2020-08-02,0.00423,0.020289
influenza,CA-ON,2020-08-09,0.009009,0.013524
influenza,CA-ON,2020-08-16,0.022456,0.0
influenza,CA-ON,2020-08-23,0.040073,0.0
influenza,CA-ON,2020-08-30,0.060107,0.02028
influenza,CA-ON,2020-09-06,0.082878,0.006759
influenza,CA-ON,2020-09-13,0.098412,0.0
influenza,CA-ON,2020-09-20,0.106508,0.013516
influenza,CA-ON,2020-09-27,0.112546,0.006757
influenza,CA-ON,2020-10-04,0.112547,0.006757
influenza,CA-ON,2020-10-11,0.109448,0.013512
influenza,CA-ON,2020-10-18,0.106742,0.006755
influenza,CA-ON,2020-10-25,0.102112,0.0
influenza,CA-ON,2020-11-01,0.096439,0.0
influenza,CA-ON,2020-11-08,0.092217,0.013506
influenza,CA-ON,2020-11-15,0.092952,0.0
influenza,CA-ON,2020-11-22,0.091855,0.006752
influenza,CA-ON,2020-11-29,0.093441,0.0
influenza,CA-ON,2020-12-06,0.094166,0.00675
influenza,CA-ON,2020-12-13,0.096381,0.006749
influenza,CA-ON,2020-12-20,0.098053,0.0
influenza,CA-ON,2021-01-10,0.096345,0.0
influenza,CA-ON,2021-01-17,0.092656,0.013495
influenza,CA-ON,2021-01-24,0.089669,0.0
influenza,CA-ON,2021-01-31,0.078931,0.0
influenza,CA-ON,2021-02-07,0.063928,0.0
influenza,CA-ON,2021-02-14,0.048012,0.0
influenza,CA-ON,2021-02-21,0.032668,0.0
influenza,CA-ON,2021-02-28,0.018983,0.0
influenza,CA-ON,2021-03-07,0.007399,0.0
influenza,CA-ON,2021-03-14,0.0,0.0
influenza,CA-ON,2021-03-21,0.0,0.0
influenza,CA-ON,2021-03-28,0.0,0.006746
influenza,CA-ON,2021-04-04,0.0,0.013492
influenza,CA-ON,2021-04-11,0.0,0.0
influenza,CA-ON,2021-04-18,0.0,0.006746
influenza,CA-ON,2021-04-25,0.0,0.0
influenza,CA-ON,2021-05-02,0.0,0.0
influenza,CA-ON,2021-05-09,0.0,0.006746
influenza,CA-ON,2021-05-16,0.0,0.0
influenza,CA-ON,2021-05-23,0.0,0.0
influenza,CA-ON,2021-05-30,0.0,0.0
influenza,CA-ON,2021-06-06,0.0,0.0
influenza,CA-ON,2021-06-13,0.0,0.0
influenza,CA-ON,2021-06-20,0.0,0.0
influenza,CA-ON,2021-06-27,0.0,0.0
influenza,CA-ON,2021-07-04,0.0,0.006746
influenza,CA-ON,2021-07-11,0.0,0.0
influenza,CA-ON,2021-07-18,0.0,0.0
influenza,CA-ON,2021-07-25,0.0,0.0
influenza,CA-ON,2021-08-01,0.0,0.0
influenza,CA-ON,2021-08-08,0.0,0.0
influenza,CA-ON,2021-08-15,0.0,0.0
influenza,CA-ON,2021-08-22,0.0,0.006746
influenza,CA-ON,2021-08-29,0.0,0.0
influenza,CA-ON,2021-09-05,0.0,0.0
influenza,CA-ON,2021-09-12,0.0,0.0
influenza,CA-ON,2021-09-19,0.0,0.0
influenza,CA-ON,2021-09-26,0.005553,0.0
influenza,CA-ON,2021-10-03,0.012284,0.006746
influenza,CA-ON,2021-10-10,0.019474,0.0
influenza,CA-ON,2021-10-17,0.024,0.0
influenza,CA-ON,2021-10-24,0.027048,0.006746
influenza,CA-ON,2021-10-31,0.030369,0.013492
influenza,CA-ON,2021-11-07,0.033966,0.0
influenza,CA-ON,2021-11-14,0.033757,0.013492
influenza,CA-ON,2021-11-21,0.035728,0.006746
influenza,CA-ON,2021-11-28,0.035992,0.013492
influenza,CA-ON,2021-12-05,0.037067,0.013492
influenza,CA-ON,2021-12-12,0.037973,0.020238
influenza,CA-ON,2021-12-19,0.039683,0.0
measles,CA-ON,2004-01-11,0.005657,0.0
measles,CA-ON,2004-01-18,0.002643,0.0
measles,CA-ON,2004-01-25,8e-05,0.0
measles,CA-ON,2004-02-01,0.0,0.0
measles,CA-ON,2004-02-08,0.0,0.0
measles,CA-ON,2004-02-15,0.0,0.0
measles,CA-ON,2004-02-22,0.0,0.0
measles,CA-ON,2004-02-29,0.0,0.0
measles,CA-ON,2004-03-07,0.0,0.0
measles,CA-ON,2004-03-14,0.0,0.0
measles,CA-ON,2004-03-21,0.0,0.0
measles,CA-ON,2004-03-28,0.0,0.0
measles,CA-ON,2004-04-04,0.0,0.008047
measles,CA-ON,2004-04-11,0.0,0.0
measles,CA-ON,2004-04-18,0.0,0.024131
measles,CA-ON,2004-04-25,0.002999,0.0
measles,CA-ON,2004-05-02,0.00248,0.0
measles,CA-ON,2004-05-09,0.000628,0.0
measles,CA-ON,2004-05-16,0.0,0.008037
measles,CA-ON,2004-05-23,0.0,0.0
measles,CA-ON,2004-05-30,0.0,0.008034
measles,CA-ON,2004-06-06,0.0,0.0
measles,CA-ON,2004-06-13,0.0,0.0
measles,CA-ON,2004-06-20,0.0,0.0
measles,CA-ON,2004-06-27,0.0,0.0
measles,CA-ON,2004-07-04,0.0,0.0
measles,CA-ON,2004-07-11,0.0,0.0
measles,CA-ON,2004-07-18,0.0,0.0
measles,CA-ON,2004-07-25,0.0,0.0
measles,CA-ON,2004-08-01,0.0,0.0
measles,CA-ON,2004-08-08,0.004123,0.0
measles,CA-ON,2004-08-15,0.011004,0.0
measles,CA-ON,2004-08-22,0.017032,0.0
measles,CA-ON,2004-08-29,0.021867,0.0
measles,CA-ON,2004-09-05,0.025386,0.0
measles,CA-ON,2004-09-12,0.027706,0.0
measles,CA-ON,2004-09-19,0.02906,0.0
measles,CA-ON,2004-09-26,0.029727,0.0
measles,CA-ON,2004-10-03,0.02996,0.0
measles,CA-ON,2004-10-10,0.029941,0.0
measles,CA-ON,2004-10-17,0.029758,0.0
measles,CA-ON,2004-10-24,0.029418,0.0
measles,CA-ON,2004-10-31,0.028865,0.0
measles,CA-ON,2004-11-07,0.028011,0.0
measles,CA-ON,2004-11-14,0.026768,0.0
measles,CA-ON,2004-11-21,0.025074,0.0
measles,CA-ON,2004-11-28,0.022908,0.0
measles,CA-ON,2004-12-05,0.0203,0.0
measles,CA-ON,2004-12-12,0.017331,0.0
measles,CA-ON,2004-12-19,0.014124,0.0
measles,CA-ON,2004-12-26,0.010837,0.0
measles,CA-ON,2005-01-02,0.00763,0.0
measles,CA-ON,2005-01-09,0.00464,0.0
measles,CA-ON,2005-01-16,0.00205,0.0
measles,CA-ON,2005-01-23,5.5e-05,0.0
measles,CA-ON,2005-01-30,0.0,0.0
measles,CA-ON,2005-02-06,0.0,0.0
measles,CA-ON,2005-02-13,0.0,0.0
measles,CA-ON,2005-02-20,0.0,0.0
measles,CA-ON,2005-02-27,0.0,0.0
measles,CA-ON,2005-03-06,0.0,0.0
measles,CA-ON,2005-03-13,0.0,0.0
measles,CA-ON,2005-03-20,0.0,0.0
measles,CA-ON,2005-03-27,0.0,0.0
measles,CA-ON,2005-04-03,0.0,0.0
measles,CA-ON,2005-04-10,0.0,0.0
measles,CA-ON,2005-04-17,0.0,0.0
measles,CA-ON,2005-04-24,0.0,0.0
measles,CA-ON,2005-05-01,0.0,0.0
measles,CA-ON,2005-05-08,0.0,0.0
measles,CA-ON,2005-05-15,0.0,0.0
measles,CA-ON,2005-05-22,0.0,0.0
measles,CA-ON,2005-05-29,0.0,0.0
measles,CA-ON,2005-06-05,0.0,0.0
measles,CA-ON,2005-06-12,0.0,0.0
measles,CA-ON,2005-06-19,0.0,0.0
measles,CA-ON,2005-06-26,0.0,0.0
measles,CA-ON,2005-07-03,0.0,0.0
measles,CA-ON,2005-07-10,0.0,0.0
measles,CA-ON,2005-07-17,0.0,0.0
measles,CA-ON,2005-07-24,0.0,0.0
measles,CA-ON,2005-07-31,0.0,0.0
measles,CA-ON,2005-08-07,0.0,0.0
measles,CA-ON,2005-08-14,0.003613,0.0
measles,CA-ON,2005-08-21,0.01055,0.0
measles,CA-ON,2005-08-28,0.016654,0.0
measles,CA-ON,2005-09-04,0.021562,0.0
measles,CA-ON,2005-09-11,0.025159,0.0
measles,CA-ON,2005-09-18,0.027542,0.0
measles,CA-ON,2005-09-25,0.028941,0.00792
measles,CA-ON,2005-10-02,0.031257,0.0
measles,CA-ON,2005-10-09,0.031343,0.007917
measles,CA-ON,2005-10-16,0.032589,0.015831
measles,CA-ON,2005-10-23,0.035242,0.0
measles,CA-ON,2005-10-30,0.033901,0.0
measles,CA-ON,2005-11-06,0.032162,0.0
measles,CA-ON,2005-11-13,0.030416,0.0
measles,CA-ON,2005-11-20,0.028352,0.0
measles,CA-ON,2005-11-27,0.026108,0.0
measles,CA-ON,2005-12-04,0.023603,0.0
measles,CA-ON,2005-12-11,0.020786,0.0
measles,CA-ON,2005-12-18,0.017685,0.0
measles,CA-ON,2005-12-25,0.014394,0.0
measles,CA-ON,2006-01-01,0.011029,0.0
measles,CA-ON,2006-01-08,0.007763,0.0
measles,CA-ON,2006-01-15,0.004709,0.0
measles,CA-ON,2006-01-22,0.001943,0.0
measles,CA-ON,2006-01-29,0.0,0.0
measles,CA-ON,2006-02-05,0.0,0.0
measles,CA-ON,2006-02-12,0.0,0.015781
measles,CA-ON,2006-02-19,0.0,0.0
measles,CA-ON,2006-02-26,0.0,0.0
measles,CA-ON,2006-03-05,0.0,0.015773
measles,CA-ON,2006-03-12,0.0,0.0
measles,CA-ON,2006-03-19,0.0,0.0
measles,CA-ON,2006-03-26,0.0,0.0
measles,CA-ON,2006-04-02,0.0,0.0
measles,CA-ON,2006-04-09,0.0,0.0
measles,CA-ON,2006-04-16,0.0,0.0
measles,CA-ON,2006-04-23,0.0,0.0
measles,CA-ON,2006-04-30,0.0,0.0
measles,CA-ON,2006-05-07,0.0,0.0
measles,CA-ON,2006-05-14,0.0,0.0
measles,CA-ON,2006-05-21,0.0,0.0
measles,CA-ON,2006-05-28,0.0,0.0
measles,CA-ON,2006-06-04,0.0,0.0
measles,CA-ON,2006-06-11,0.0,0.0
measles,CA-ON,2006-06-18,0.0,0.0
measles,CA-ON,2006-06-25,0.0,0.0
measles,CA-ON,2006-07-02,0.0,0.0
measles,CA-ON,2006-07-09,0.0,0.0
measles,CA-ON,2006-07-16,0.0,0.0
measles,CA-ON,2006-07-23,0.0,0.0
measles,CA-ON,2006-07-30,0.0,0.0
measles,CA-ON,2006-08-06,0.0,0.0
measles,CA-ON,2006-08-13,0.003792,0.0
measles,CA-ON,2006-08-20,0.010688,0.0
measles,CA-ON,2006-08-27,0.016757,0.0
measles,CA-ON,2006-09-03,0.021639,0.0
measles,CA-ON,2006-09-10,0.025219,0.0
measles,CA-ON,2006-09-17,0.027592,0.0
measles,CA-ON,2006-09-24,0.028988,0.0
measles,CA-ON,2006-10-01,0.029681,0.0
measles,CA-ON,2006-10-08,0.029931,0.0
measles,CA-ON,2006-10-15,0.029921,0.0
measles,CA-ON,2006-10-22,0.029737,0.0
measles,CA-ON,2006-10-29,0.029397,0.0
measles,CA-ON,2006-11-05,0.028843,0.0
measles,CA-ON,2006-11-12,0.027988,0.007843
measles,CA-ON,2006-11-19,0.028376,0.0
measles,CA-ON,2006-11-26,0.026504,0.0
measles,CA-ON,2006-12-03,0.023967,0.0
measles,CA-ON,2006-12-10,0.021111,0.0
measles,CA-ON,2006-12-17,0.017858,0.0
measles,CA-ON,2006-12-24,0.014453,0.0
measles,CA-ON,2007-12-30,0.011041,0.0
measles,CA-ON,2008-01-06,0.007757,0.0
measles,CA-ON,2008-01-13,0.004719,0.0
measles,CA-ON,2008-01-20,0.002011,0.0
measles,CA-ON,2008-01-27,0.0,0.0
measles,CA-ON,2008-02-03,0.0,0.0
measles,CA-ON,2008-02-10,0.0,0.0
measles,CA-ON,2008-02-17,0.0,0.0
measles,CA-ON,2008-02-24,0.0,0.0
measles,CA-ON,2008-03-02,0.0,0.0
measles,CA-ON,2008-03-09,0.0,0.0
measles,CA-ON,2008-03-16,0.0,0.0
measles,CA-ON,2008-03-23,0.0,0.0
measles,CA-ON,2008-03-30,0.0,0.0
measles,CA-ON,2008-04-06,0.0,0.0
measles,CA-ON,2008-04-13,0.0,0.0
measles,CA-ON,2008-04-20,0.0,0.0
measles,CA-ON,2008-04-27,0.0,0.0
measles,CA-ON,2008-05-04,0.0,0.0
measles,CA-ON,2008-05-11,0.0,0.0
measles,CA-ON,2008-05-18,0.0,0.0
measles,CA-ON,2008-05-25,0.0,0.0
measles,CA-ON,2008-06-01,0.0,0.0
measles,CA-ON,2008-06-08,0.0,0.0
measles,CA-ON,2008-06-15,0.0,0.0
measles,CA-ON,2008-06-22,0.0,0.0
measles,CA-ON,2008-06-29,0.0,0.0
measles,CA-ON,2008-07-06,0.0,0.0
measles,CA-ON,2008-07-13,0.0,0.0
measles,CA-ON,2008-07-20,0.0,0.0
measles,CA-ON,2008-07-27,0.0,0.0
measles,CA-ON,2008-08-03,0.0,0.0
measles,CA-ON,2008-08-10,0.003713,0.0
measles,CA-ON,2008-08-17,0.010622,0.0
measles,CA-ON,2008-08-24,0.016699,0.0
measles,CA-ON,2008-08-31,0.021585,0.0
measles,CA-ON,2008-09-07,0.025168,0.0
measles,CA-ON,2008-09-14,0.027542,0.0
measles,CA-ON,2008-09-21,0.028938,0.0
measles,CA-ON,2008-09-28,0.029635,0.0
measles,CA-ON,2008-10-05,0.029888,0.0
measles,CA-ON,2008-10-12,0.029883,0.0
measles,CA-ON,2008-10-19,0.029711,0.0
measles,CA-ON,2008-10-26,0.029378,0.0
measles,CA-ON,2008-11-02,0.028828,0.0
measles,CA-ON,2008-11-09,0.027974,0.0
measles,CA-ON,2008-11-16,0.026727,0.0
measles,CA-ON,2008-11-23,0.025028,0.0
measles,CA-ON,2008-11-30,0.022858,0.0
measles,CA-ON,2008-12-07,0.020245,0.0
measles,CA-ON,2008-12-14,0.017271,0.0
measles,CA-ON,2008-12-21,0.014062,0.0
measles,CA-ON,2009-01-11,0.010772,0.0
measles,CA-ON,2009-01-18,0.00756,0.0
measles,CA-ON,2009-01-25,0.004564,0.0
measles,CA-ON,2009-02-01,0.001882,0.0
measles,CA-ON,2009-02-08,0.0,0.0
measles,CA-ON,2009-02-15,0.0,0.0
measles,CA-ON,2009-02-22,0.0,0.0
measles,CA-ON,2009-03-01,0.0,0.0
measles,CA-ON,2009-03-08,0.0,0.0
measles,CA-ON,2009-03-15,0.0,0.00775
measles,CA-ON,2009-03-22,0.0,0.0
measles,CA-ON,2009-03-29,0.0,0.030991
measles,CA-ON,2009-04-05,0.00068,0.046478
measles,CA-ON,2009-04-12,0.010083,0.06196
measles,CA-ON,2009-04-19,0.021089,0.077437
measles,CA-ON,2009-04-26,0.033271,0.038712
measles,CA-ON,2009-05-03,0.035068,0.038705
measles,CA-ON,2009-05-10,0.034545,0.01548
measles,CA-ON,2009-05-17,0.028656,0.069646
measles,CA-ON,2009-05-24,0.031995,0.038686
measles,CA-ON,2009-05-31,0.029265,0.007736
measles,CA-ON,2009-06-07,0.019697,0.0
measles,CA-ON,2009-06-14,0.009424,0.0
measles,CA-ON,2009-06-21,1.1e-05,0.0
measles,CA-ON,2009-06-28,0.0,0.0
measles,CA-ON,2009-07-05,0.0,0.0
measles,CA-ON,2009-07-12,0.0,0.0
measles,CA-ON,2009-07-19,0.0,0.0
measles,CA-ON,2009-07-26,0.0,0.007725
measles,CA-ON,2009-08-02,0.0,0.0
measles,CA-ON,2009-08-09,0.0,0.0
measles,CA-ON,2009-08-16,0.00057,0.0
measles,CA-ON,2009-08-23,0.007237,0.0
measles,CA-ON,2009-08-30,0.013469,0.0
measles,CA-ON,2009-09-06,0.018916,0.0
measles,CA-ON,2009-09-13,0.023271,0.0
measles,CA-ON,2009-09-20,0.026426,0.0
measles,CA-ON,2009-09-27,0.028471,0.0
measles,CA-ON,2009-10-04,0.029631,0.0
measles,CA-ON,2009-10-11,0.03017,0.0
measles,CA-ON,2009-10-18,0.030329,0.0
measles,CA-ON,2009-10-25,0.030274,0.0
measles,CA-ON,2009-11-01,0.030064,0.0
measles,CA-ON,2009-11-08,0.029714,0.0
measles,CA-ON,2009-11-15,0.029163,0.0
measles,CA-ON,2009-11-22,0.028316,0.0
measles,CA-ON,2009-11-29,0.027084,0.0
measles,CA-ON,2009-12-06,0.025405,0.0
measles,CA-ON,2009-12-13,0.023259,0.0
measles,CA-ON,2009-12-20,0.020677,0.0
measles,CA-ON,2009-12-27,0.017742,0.007697
measles,CA-ON,2010-01-03,0.016252,0.0
measles,CA-ON,2010-01-10,0.012849,0.0
measles,CA-ON,2010-01-17,0.009327,0.0
measles,CA-ON,2010-01-24,0.006131,0.0
measles,CA-ON,2010-01-31,0.003192,0.0
measles,CA-ON,2010-02-07,0.000676,0.0
measles,CA-ON,2010-02-14,0.0,0.0
measles,CA-ON,2010-02-21,0.0,0.0
measles,CA-ON,2010-02-28,0.0,0.0
measles,CA-ON,2010-03-07,0.0,0.0
measles,CA-ON,2010-03-14,0.0,0.0
measles,CA-ON,2010-03-21,0.0,0.0
measles,CA-ON,2010-03-28,0.0,0.0
measles,CA-ON,2010-04-04,0.0,0.0
measles,CA-ON,2010-04-11,0.0,0.0
measles,CA-ON,2010-04-18,0.0,0.0
measles,CA-ON,2010-04-25,0.0,0.0
measles,CA-ON,2010-05-02,0.0,0.0
measles,CA-ON,2010-05-09,0.0,0.007668
measles,CA-ON,2010-05-16,0.0,0.0
measles,CA-ON,2010-05-23,0.0,0.0
measles,CA-ON,2010-05-30,0.0,0.007663
measles,CA-ON,2010-06-06,0.0,0.0
measles,CA-ON,2010-06-13,0.0,0.03064
measles,CA-ON,2010-06-20,0.0,0.0
measles,CA-ON,2010-06-27,0.0,0.007657
measles,CA-ON,2010-07-04,0.0,0.0
measles,CA-ON,2010-07-11,0.0,0.0
measles,CA-ON,2010-07-18,0.0,0.0
measles,CA-ON,2010-07-25,0.0,0.0
measles,CA-ON,2010-08-01,0.0,0.0
measles,CA-ON,2010-08-08,0.0,0.0
measles,CA-ON,2010-08-15,0.0,0.0
measles,CA-ON,2010-08-22,0.004367,0.0
measles,CA-ON,2010-08-29,0.011251,0.0
measles,CA-ON,2010-09-05,0.017302,0.0
measles,CA-ON,2010-09-12,0.02216,0.0
measles,CA-ON,2010-09-19,0.025642,0.0
measles,CA-ON,2010-09-26,0.027924,0.0
measles,CA-ON,2010-10-03,0.029229,0.0
measles,CA-ON,2010-10-10,0.029854,0.0
measles,CA-ON,2010-10-17,0.030053,0.0
measles,CA-ON,2010-10-24,0.030007,0.0
measles,CA-ON,2010-10-31,0.029807,0.0
measles,CA-ON,2010-11-07,0.029455,0.0
measles,CA-ON,2010-11-14,0.028893,0.0
measles,CA-ON,2010-11-21,0.028032,0.0
measles,CA-ON,2010-11-28,0.026785,0.0
measles,CA-ON,2010-12-05,0.025088,0.0
measles,CA-ON,2010-12-12,0.02292,0.0
measles,CA-ON,2010-12-19,0.02031,0.0
measles,CA-ON,2010-12-26,0.017339,0.0
measles,CA-ON,2011-01-02,0.01413,0.0
measles,CA-ON,2011-01-09,0.010842,0.0
measles,CA-ON,2011-01-16,0.007633,0.0
measles,CA-ON,2011-01-23,0.004642,0.0
measles,CA-ON,2011-01-30,0.002052,0.00761
measles,CA-ON,2011-02-06,0.001753,0.0
measles,CA-ON,2011-02-13,0.0,0.0
measles,CA-ON,2011-02-20,0.0,0.0
measles,CA-ON,2011-02-27,0.0,0.0
measles,CA-ON,2011-03-06,0.0,0.0
measles,CA-ON,2011-03-13,0.0,0.0
measles,CA-ON,2011-03-20,0.0,0.0
measles,CA-ON,2011-03-27,0.0,0.0
measles,CA-ON,2011-04-03,0.0,0.0
measles,CA-ON,2011-04-10,0.0,0.0
measles,CA-ON,2011-04-17,0.0,0.0
measles,CA-ON,2011-04-24,0.0,0.0
measles,CA-ON,2011-05-01,0.0,0.0
measles,CA-ON,2011-05-08,0.0,0.0
measles,CA-ON,2011-05-15,0.0,0.0
measles,CA-ON,2011-05-22,0.0,0.0
measles,CA-ON,2011-05-29,0.0,0.0
measles,CA-ON,2011-06-05,0.0,0.007585
measles,CA-ON,2011-06-12,0.0,0.0
measles,CA-ON,2011-06-19,0.0,0.0
measles,CA-ON,2011-06-26,0.0,0.0
measles,CA-ON,2011-07-03,0.0,0.0
measles,CA-ON,2011-07-10,0.0,0.0
measles,CA-ON,2011-07-17,0.0,0.0
measles,CA-ON,2011-07-24,0.0,0.0
measles,CA-ON,2011-07-31,0.0,0.0
measles,CA-ON,2011-08-07,0.0,0.0
measles,CA-ON,2011-08-14,0.0,0.0
measles,CA-ON,2011-08-21,0.0,0.0
measles,CA-ON,2011-08-28,0.003699,0.0
measles,CA-ON,2011-09-04,0.010641,0.0
measles,CA-ON,2011-09-11,0.01673,0.0
measles,CA-ON,2011-09-18,0.021624,0.0
measles,CA-ON,2011-09-25,0.02521,0.0
measles,CA-ON,2011-10-02,0.027584,0.0
measles,CA-ON,2011-10-09,0.028975,0.0
measles,CA-ON,2011-10-16,0.029665,0.0
measles,CA-ON,2011-10-23,0.029911,0.0
measles,CA-ON,2011-10-30,0.0299,0.0
measles,CA-ON,2011-11-06,0.029723,0.007554
measles,CA-ON,2011-11-13,0.030937,0.0
measles,CA-ON,2011-11-20,0.030216,0.0
measles,CA-ON,2011-11-27,0.029007,0.0
measles,CA-ON,2011-12-04,0.027527,0.007549
measles,CA-ON,2011-12-11,0.027147,0.0
measles,CA-ON,2011-12-18,0.024623,0.0
measles,CA-ON,2011-12-25,0.02154,0.007545
measles,CA-ON,2012-01-01,0.01988,0.030173
measles,CA-ON,2012-01-08,0.022753,0.0
measles,CA-ON,2012-01-15,0.018216,0.0
measles,CA-ON,2012-01-22,0.01318,0.0
measles,CA-ON,2012-01-29,0.008825,0.0
measles,CA-ON,2012-02-05,0.004725,0.0
measles,CA-ON,2012-02-12,0.001388,0.0
measles,CA-ON,2012-02-19,0.0,0.007533
measles,CA-ON,2012-02-26,0.0,0.0
measles,CA-ON,2012-03-04,0.0,0.0
measles,CA-ON,2012-03-11,0.0,0.0
measles,CA-ON,2012-03-18,0.0,0.0
measles,CA-ON,2012-03-25,0.0,0.0
measles,CA-ON,2012-04-01,0.0,0.007525
measles,CA-ON,2012-04-08,0.0,0.0
measles,CA-ON,2012-04-15,0.0,0.0
measles,CA-ON,2012-04-22,0.0,0.0
measles,CA-ON,2012-04-29,0.0,0.0
measles,CA-ON,2012-05-06,0.0,0.0
measles,CA-ON,2012-05-13,0.0,0.015033
measles,CA-ON,2012-05-20,0.000502,0.01503
measles,CA-ON,2012-05-27,0.002256,0.007514
measles,CA-ON,2012-06-03,0.00131,0.007512
measles,CA-ON,2012-06-10,0.0,0.0
measles,CA-ON,2012-06-17,0.0,0.0
measles,CA-ON,2012-06-24,0.0,0.0
measles,CA-ON,2012-07-01,0.0,0.0
measles,CA-ON,2012-07-08,0.0,0.0
measles,CA-ON,2012-07-15,0.0,0.0
measles,CA-ON,2012-07-22,0.0,0.0
measles,CA-ON,2012-07-29,0.0,0.0
measles,CA-ON,2012-08-05,0.0,0.0
measles,CA-ON,2012-08-12,0.0,0.0
measles,CA-ON,2012-08-19,0.0,0.0
measles,CA-ON,2012-08-26,0.004207,0.0
measles,CA-ON,2012-09-02,0.011073,0.0
measles,CA-ON,2012-09-09,0.017088,0.0
measles,CA-ON,2012-09-16,0.021913,0.0
measles,CA-ON,2012-09-23,0.025438,0.0
measles,CA-ON,2012-09-30,0.02776,0.0
measles,CA-ON,2012-10-07,0.029113,0.0
measles,CA-ON,2012-10-14,0.029776,0.0
measles,CA-ON,2012-10-21,0.030005,0.0
measles,CA-ON,2012-10-28,0.029983,0.0
measles,CA-ON,2012-11-04,0.0298,0.0
measles,CA-ON,2012-11-11,0.029458,0.0
measles,CA-ON,2012-11-18,0.028903,0.0
measles,CA-ON,2012-11-25,0.028047,0.0
measles,CA-ON,2012-12-02,0.026805,0.0
measles,CA-ON,2012-12-09,0.025109,0.0
measles,CA-ON,2012-12-16,0.022943,0.0
measles,CA-ON,2012-12-23,0.020337,0.0
measles,CA-ON,2012-12-30,0.017369,0.0
measles,CA-ON,2013-01-06,0.014155,0.0
measles,CA-ON,2013-01-13,0.010866,0.0
measles,CA-ON,2013-01-20,0.007661,0.0
measles,CA-ON,2013-01-27,0.004675,0.0
measles,CA-ON,2013-02-03,0.002001,0.0
measles,CA-ON,2013-02-10,0.0,0.0
measles,CA-ON,2013-02-17,0.0,0.0
measles,CA-ON,2013-02-24,0.0,0.0
measles,CA-ON,2013-03-03,0.0,0.0
measles,CA-ON,2013-03-10,0.0,0.0
measles,CA-ON,2013-03-17,0.0,0.0
measles,CA-ON,2013-03-24,0.0,0.0
measles,CA-ON,2013-03-31,0.0,0.0
measles,CA-ON,2013-04-07,0.0,0.0
measles,CA-ON,2013-04-14,0.0,0.0
measles,CA-ON,2013-04-21,0.0,0.0
measles,CA-ON,2013-04-28,0.0,0.0
measles,CA-ON,2013-05-05,0.0,0.0
measles,CA-ON,2013-05-12,0.0,0.0
measles,CA-ON,2013-05-19,0.0,0.0
measles,CA-ON,2013-05-26,0.0,0.0
measles,CA-ON,2013-06-02,0.0,0.007442
measles,CA-ON,2013-06-09,0.0,0.0
measles,CA-ON,2013-06-16,0.0,0.0
measles,CA-ON,2013-06-23,0.0,0.0
measles,CA-ON,2013-06-30,0.0,0.0
measles,CA-ON,2013-07-07,0.0,0.0
measles,CA-ON,2013-07-14,0.0,0.0
measles,CA-ON,2013-07-21,0.0,0.0
measles,CA-ON,2013-07-28,0.0,0.0
measles,CA-ON,2013-08-04,0.0,0.0
measles,CA-ON,2013-08-11,0.0,0.00743
measles,CA-ON,2013-08-18,0.0,0.0
measles,CA-ON,2013-08-25,0.005077,0.0
measles,CA-ON,2013-09-01,0.011699,0.0
measles,CA-ON,2013-09-08,0.017557,0.0
measles,CA-ON,2013-09-15,0.022179,0.0
measles,CA-ON,2013-09-22,0.025569,0.0
measles,CA-ON,2013-09-29,0.02782,0.0
measles,CA-ON,2013-10-06,0.029139,0.00742
measles,CA-ON,2013-10-13,0.031304,0.0
measles,CA-ON,2013-10-20,0.031373,0.0
measles,CA-ON,2013-10-27,0.031004,0.0
measles,CA-ON,2013-11-03,0.030586,0.0
measles,CA-ON,2013-11-10,0.029984,0.0
measles,CA-ON,2013-11-17,0.029231,0.0
measles,CA-ON,2013-11-24,0.02825,0.0
measles,CA-ON,2013-12-01,0.026929,0.0
measles,CA-ON,2013-12-08,0.025187,0.0
measles,CA-ON,2013-12-15,0.022988,0.0
measles,CA-ON,2013-12-22,0.020356,0.0
measles,CA-ON,2013-12-29,0.017368,0.0
measles,CA-ON,2014-01-05,0.014148,0.0
measles,CA-ON,2014-01-12,0.010829,0.007402
measles,CA-ON,2014-01-19,0.009222,0.0
measles,CA-ON,2014-01-26,0.006058,0.0
measles,CA-ON,2014-02-02,0.003015,0.0
measles,CA-ON,2014-02-09,0.000439,0.0
measles,CA-ON,2014-02-16,0.0,0.0
measles,CA-ON,2014-02-23,0.0,0.0
measles,CA-ON,2014-03-02,0.0,0.014788
measles,CA-ON,2014-03-09,0.0,0.007393
measles,CA-ON,2014-03-16,0.0,0.022175
measles,CA-ON,2014-03-23,0.001216,0.0
measles,CA-ON,2014-03-30,8.7e-05,0.0
measles,CA-ON,2014-04-06,0.0,0.0
measles,CA-ON,2014-04-13,0.0,0.0
measles,CA-ON,2014-04-20,0.0,0.0
measles,CA-ON,2014-04-27,0.0,0.007385
measles,CA-ON,2014-05-04,0.0,0.0
measles,CA-ON,2014-05-11,0.0,0.0
measles,CA-ON,2014-05-18,0.0,0.0
measles,CA-ON,2014-05-25,0.0,0.0
measles,CA-ON,2014-06-01,0.0,0.0
measles,CA-ON,2014-06-08,0.0,0.022135
measles,CA-ON,2014-06-15,0.0,0.0
measles,CA-ON,2014-06-22,0.0,0.007376
measles,CA-ON,2014-06-29,0.0,0.0
measles,CA-ON,2014-07-06,0.0,0.007374
measles,CA-ON,2014-07-13,0.0,0.0
measles,CA-ON,2014-07-20,0.0,0.0
measles,CA-ON,2014-07-27,0.0,0.007371
measles,CA-ON,2014-08-03,0.0,0.0
measles,CA-ON,2014-08-10,0.0,0.0
measles,CA-ON,2014-08-17,0.0,0.0
measles,CA-ON,2014-08-24,0.005233,0.007366
measles,CA-ON,2014-08-31,0.013258,0.0
measles,CA-ON,2014-09-07,0.018989,0.0
measles,CA-ON,2014-09-14,0.023367,0.0
measles,CA-ON,2014-09-21,0.026589,0.0
measles,CA-ON,2014-09-28,0.028588,0.0
measles,CA-ON,2014-10-05,0.029712,0.0
measles,CA-ON,2014-10-12,0.030209,0.0
measles,CA-ON,2014-10-19,0.030331,0.0
measles,CA-ON,2014-10-26,0.030242,0.0
measles,CA-ON,2014-11-02,0.029999,0.0
measles,CA-ON,2014-11-09,0.02962,0.0
measles,CA-ON,2014-11-16,0.029041,0.0
measles,CA-ON,2014-11-23,0.02817,0.0
measles,CA-ON,2014-11-30,0.026897,0.0
measles,CA-ON,2014-12-07,0.025181,0.0
measles,CA-ON,2014-12-14,0.023,0.0
measles,CA-ON,2014-12-21,0.020382,0.0
measles,CA-ON,2015-01-11,0.017405,0.0
measles,CA-ON,2015-01-18,0.014196,0.0
measles,CA-ON,2015-01-25,0.010909,0.0
measles,CA-ON,2015-02-01,0.007698,0.0
measles,CA-ON,2015-02-08,0.004705,0.0
measles,CA-ON,2015-02-15,0.002025,0.007341
measles,CA-ON,2015-02-22,0.001329,0.0
measles,CA-ON,2015-03-01,0.0,0.0
measles,CA-ON,2015-03-08,0.0,0.014677
measles,CA-ON,2015-03-15,0.0,0.0
measles,CA-ON,2015-03-22,0.0,0.022009
measles,CA-ON,2015-03-29,0.000496,0.0
measles,CA-ON,2015-04-05,0.0,0.029338
measles,CA-ON,2015-04-12,0.003682,0.014667
measles,CA-ON,2015-04-19,0.005432,0.007333
measles,CA-ON,2015-04-26,0.004981,0.029327
measles,CA-ON,2015-05-03,0.009222,0.014662
measles,CA-ON,2015-05-10,0.010215,0.0
measles,CA-ON,2015-05-17,0.007751,0.0
measles,CA-ON,2015-05-24,0.005388,0.0
measles,CA-ON,2015-05-31,0.002984,0.007327
measles,CA-ON,2015-06-07,0.001763,0.007326
measles,CA-ON,2015-06-14,0.00025,0.0
measles,CA-ON,2015-06-21,0.0,0.0
measles,CA-ON,2015-06-28,0.0,0.0
measles,CA-ON,2015-07-05,0.0,0.0
measles,CA-ON,2015-07-12,0.0,0.0
measles,CA-ON,2015-07-19,0.0,0.0
measles,CA-ON,2015-07-26,0.0,0.0
measles,CA-ON,2015-08-02,0.0,0.0
measles,CA-ON,2015-08-09,0.0,0.0
measles,CA-ON,2015-08-16,0.0,0.0
measles,CA-ON,2015-08-23,0.0,0.007316
measles,CA-ON,2015-08-30,0.0,0.0
measles,CA-ON,2015-09-06,0.00551,0.0
measles,CA-ON,2015-09-13,0.012024,0.0
measles,CA-ON,2015-09-20,0.017802,0.0
measles,CA-ON,2015-09-27,0.022366,0.0
measles,CA-ON,2015-10-04,0.025714,0.0
measles,CA-ON,2015-10-11,0.027937,0.0
measles,CA-ON,2015-10-18,0.029241,0.0
measles,CA-ON,2015-10-25,0.029884,0.0
measles,CA-ON,2015-11-01,0.030108,0.0
measles,CA-ON,2015-11-08,0.030086,0.0
measles,CA-ON,2015-11-15,0.029905,0.0
measles,CA-ON,2015-11-22,0.029568,0.0
measles,CA-ON,2015-11-29,0.028999,0.0
measles,CA-ON,2015-12-06,0.028132,0.0
measles,CA-ON,2015-12-13,0.026881,0.0
measles,CA-ON,2015-12-20,0.025183,0.0
measles,CA-ON,2015-12-27,0.023016,0.0
measles,CA-ON,2016-01-03,0.02041,0.0
measles,CA-ON,2016-01-10,0.017446,0.0
measles,CA-ON,2016-01-17,0.01425,0.0
measles,CA-ON,2016-01-24,0.010977,0.0
measles,CA-ON,2016-01-31,0.007782,0.0
measles,CA-ON,2016-02-07,0.004804,0.0
measles,CA-ON,2016-02-14,0.002135,0.007291
measles,CA-ON,2016-02-21,0.00143,0.051027
measles,CA-ON,2016-02-28,0.010685,0.014576
measles,CA-ON,2016-03-06,0.010976,0.051003
measles,CA-ON,2016-03-13,0.018057,0.007284
measles,CA-ON,2016-03-20,0.014986,0.0
measles,CA-ON,2016-03-27,0.009054,0.0
measles,CA-ON,2016-04-03,0.004436,0.007279
measles,CA-ON,2016-04-10,0.002208,0.0
measles,CA-ON,2016-04-17,0.0,0.0
measles,CA-ON,2016-04-24,0.0,0.0
measles,CA-ON,2016-05-01,0.0,0.0
measles,CA-ON,2016-05-08,0.0,0.0
measles,CA-ON,2016-05-15,0.0,0.0
measles,CA-ON,2016-05-22,0.0,0.0
measles,CA-ON,2016-05-29,0.0,0.0
measles,CA-ON,2016-06-05,0.0,0.007264
measles,CA-ON,2016-06-12,0.0,0.0
measles,CA-ON,2016-06-19,0.0,0.0
measles,CA-ON,2016-06-26,0.0,0.0
measles,CA-ON,2016-07-03,0.0,0.0
measles,CA-ON,2016-07-10,0.0,0.0
measles,CA-ON,2016-07-17,0.0,0.0
measles,CA-ON,2016-07-24,0.0,0.0
measles,CA-ON,2016-07-31,0.0,0.0
measles,CA-ON,2016-08-07,0.0,0.0
measles,CA-ON,2016-08-14,0.0,0.0
measles,CA-ON,2016-08-21,0.0,0.0
measles,CA-ON,2016-08-28,0.0,0.0
measles,CA-ON,2016-09-04,0.003828,0.0
measles,CA-ON,2016-09-11,0.010724,0.0
measles,CA-ON,2016-09-18,0.0168,0.0
measles,CA-ON,2016-09-25,0.021694,0.0
measles,CA-ON,2016-10-02,0.025285,0.0
measles,CA-ON,2016-10-09,0.027667,0.0
measles,CA-ON,2016-10-16,0.029068,0.0
measles,CA-ON,2016-10-23,0.029766,0.0
measles,CA-ON,2016-10-30,0.030018,0.0
measles,CA-ON,2016-11-06,0.03001,0.0
measles,CA-ON,2016-11-13,0.029833,0.0
measles,CA-ON,2016-11-20,0.029495,0.0
measles,CA-ON,2016-11-27,0.028941,0.0
measles,CA-ON,2016-12-04,0.028084,0.0
measles,CA-ON,2016-12-11,0.02684,0.0
measles,CA-ON,2016-12-18,0.025146,0.0
measles,CA-ON,2016-12-25,0.022983,0.0
measles,CA-ON,2017-01-01,0.020381,0.0
measles,CA-ON,2017-01-08,0.01742,0.0
measles,CA-ON,2017-01-15,0.014228,0.0
measles,CA-ON,2017-01-22,0.010957,0.0
measles,CA-ON,2017-01-29,0.007765,0.007206
measles,CA-ON,2017-02-05,0.006381,0.0
measles,CA-ON,2017-02-12,0.003661,0.0
measles,CA-ON,2017-02-19,0.00133,0.0
measles,CA-ON,2017-02-26,0.0,0.0
measles,CA-ON,2017-03-05,0.0,0.0
measles,CA-ON,2017-03-12,0.0,0.0
measles,CA-ON,2017-03-19,0.0,0.0
measles,CA-ON,2017-03-26,0.0,0.007191
measles,CA-ON,2017-04-02,0.0,0.0
measles,CA-ON,2017-04-09,0.0,0.007187
measles,CA-ON,2017-04-16,0.0,0.0
measles,CA-ON,2017-04-23,0.0,0.0
measles,CA-ON,2017-04-30,0.0,0.0
measles,CA-ON,2017-05-07,0.0,0.0
measles,CA-ON,2017-05-14,0.0,0.0
measles,CA-ON,2017-05-21,0.0,0.0
measles,CA-ON,2017-05-28,0.0,0.0
measles,CA-ON,2017-06-04,0.0,0.007172
measles,CA-ON,2017-06-11,0.0,0.0
measles,CA-ON,2017-06-18,0.0,0.0
measles,CA-ON,2017-06-25,0.0,0.0
measles,CA-ON,2017-07-02,0.0,0.0
measles,CA-ON,2017-07-09,0.0,0.0
measles,CA-ON,2017-07-16,0.0,0.0
measles,CA-ON,2017-07-23,0.0,0.0
measles,CA-ON,2017-07-30,0.0,0.0
measles,CA-ON,2017-08-06,0.0,0.0
measles,CA-ON,2017-08-13,0.0,0.0
measles,CA-ON,2017-08-20,0.0,0.0
measles,CA-ON,2017-08-27,0.0,0.0
measles,CA-ON,2017-09-03,0.0,0.0
measles,CA-ON,2017-09-10,0.00371,0.0
measles,CA-ON,2017-09-17,0.010633,0.014286
measles,CA-ON,2017-09-24,0.019569,0.0
measles,CA-ON,2017-10-01,0.024227,0.0
measles,CA-ON,2017-10-08,0.027199,0.007137
measles,CA-ON,2017-10-15,0.030597,0.0
measles,CA-ON,2017-10-22,0.031343,0.0
measles,CA-ON,2017-10-29,0.031349,0.0
measles,CA-ON,2017-11-05,0.031148,0.0
measles,CA-ON,2017-11-12,0.030751,0.0
measles,CA-ON,2017-11-19,0.03032,0.0
measles,CA-ON,2017-11-26,0.02983,0.0
measles,CA-ON,2017-12-03,0.029188,0.0
measles,CA-ON,2017-12-10,0.028281,0.0
measles,CA-ON,2017-12-17,0.027006,0.0
measles,CA-ON,2017-12-24,0.025255,0.0
measles,CA-ON,2017-12-31,0.023047,0.0
measles,CA-ON,2018-01-07,0.020408,0.0
measles,CA-ON,2018-01-14,0.017397,0.0
measles,CA-ON,2018-01-21,0.014158,0.0
measles,CA-ON,2018-01-28,0.010846,0.0
measles,CA-ON,2018-02-04,0.007614,0.0
measles,CA-ON,2018-02-11,0.004604,0.0
measles,CA-ON,2018-02-18,0.00191,0.0
measles,CA-ON,2018-02-25,0.0,0.0
measles,CA-ON,2018-03-04,0.0,0.0
measles,CA-ON,2018-03-11,0.0,0.0
measles,CA-ON,2018-03-18,0.0,0.0
measles,CA-ON,2018-03-25,0.0,0.0
measles,CA-ON,2018-04-01,0.0,0.0
measles,CA-ON,2018-04-08,0.0,0.0
measles,CA-ON,2018-04-15,0.0,0.028328
measles,CA-ON,2018-04-22,0.0,0.014159
measles,CA-ON,2018-04-29,0.002114,0.0
measles,CA-ON,2018-05-06,0.001675,0.0
measles,CA-ON,2018-05-13,0.001212,0.0
measles,CA-ON,2018-05-20,0.000599,0.0
measles,CA-ON,2018-05-27,0.0,0.0
measles,CA-ON,2018-06-03,0.0,0.0
measles,CA-ON,2018-06-10,0.0,0.0
measles,CA-ON,2018-06-17,0.0,0.0
measles,CA-ON,2018-06-24,0.0,0.0
measles,CA-ON,2018-07-01,0.0,0.0
measles,CA-ON,2018-07-08,0.0,0.0
measles,CA-ON,2018-07-15,0.0,0.0
measles,CA-ON,2018-07-22,0.0,0.0
measles,CA-ON,2018-07-29,0.0,0.0
measles,CA-ON,2018-08-05,0.0,0.0
measles,CA-ON,2018-08-12,0.0,0.0
measles,CA-ON,2018-08-19,0.0,0.0
measles,CA-ON,2018-08-26,0.0,0.0
measles,CA-ON,2018-09-02,0.0,0.0
measles,CA-ON,2018-09-09,0.003869,0.0
measles,CA-ON,2018-09-16,0.010743,0.0
measles,CA-ON,2018-09-23,0.016784,0.00703
measles,CA-ON,2018-09-30,0.023058,0.0
measles,CA-ON,2018-10-07,0.026498,0.0
measles,CA-ON,2018-10-14,0.028549,0.0
measles,CA-ON,2018-10-21,0.029721,0.0
measles,CA-ON,2018-10-28,0.030165,0.0
measles,CA-ON,2018-11-04,0.030242,0.0
measles,CA-ON,2018-11-11,0.030129,0.0
measles,CA-ON,2018-11-18,0.029894,0.0
measles,CA-ON,2018-11-25,0.029524,0.0
measles,CA-ON,2018-12-02,0.028953,0.0
measles,CA-ON,2018-12-09,0.028088,0.0
measles,CA-ON,2018-12-16,0.026838,0.0
measles,CA-ON,2018-12-23,0.025139,0.0
measles,CA-ON,2018-12-30,0.02295,0.0
measles,CA-ON,2019-01-06,0.020325,0.0
measles,CA-ON,2019-01-13,0.017343,0.0
measles,CA-ON,2019-01-20,0.014129,0.0
measles,CA-ON,2019-01-27,0.010837,0.0
measles,CA-ON,2019-02-03,0.007624,0.0
measles,CA-ON,2019-02-10,0.004629,0.0
measles,CA-ON,2019-02-17,0.001946,0.0
measles,CA-ON,2019-02-24,0.0,0.01396
measles,CA-ON,2019-03-03,0.000744,0.0
measles,CA-ON,2019-03-10,0.0,0.0
measles,CA-ON,2019-03-17,0.0,0.0
measles,CA-ON,2019-03-24,0.0,0.006971
measles,CA-ON,2019-03-31,0.0,0.0
measles,CA-ON,2019-04-07,0.0,0.0
measles,CA-ON,2019-04-14,0.0,0.006965
measles,CA-ON,2019-04-21,0.0,0.0
measles,CA-ON,2019-04-28,0.0,0.0
measles,CA-ON,2019-05-05,0.0,0.0
measles,CA-ON,2019-05-12,0.0,0.0
measles,CA-ON,2019-05-19,0.0,0.006954
measles,CA-ON,2019-05-26,0.0,0.0
measles,CA-ON,2019-06-02,0.0,0.0
measles,CA-ON,2019-06-09,0.0,0.0
measles,CA-ON,2019-06-16,0.0,0.006945
measles,CA-ON,2019-06-23,0.0,0.0
measles,CA-ON,2019-06-30,0.0,0.006941
measles,CA-ON,2019-07-07,0.0,0.0
measles,CA-ON,2019-07-14,0.0,0.0
measles,CA-ON,2019-07-21,0.0,0.0
measles,CA-ON,2019-07-28,0.0,0.0
measles,CA-ON,2019-08-04,0.0,0.0
measles,CA-ON,2019-08-11,0.0,0.0
measles,CA-ON,2019-08-18,0.0,0.006926
measles,CA-ON,2019-08-25,0.0,0.0
measles,CA-ON,2019-09-01,0.0,0.0
measles,CA-ON,2019-09-08,0.004894,0.0
measles,CA-ON,2019-09-15,0.011603,0.0
measles,CA-ON,2019-09-22,0.017424,0.0
measles,CA-ON,2019-09-29,0.022115,0.0
measles,CA-ON,2019-10-06,0.025552,0.0
measles,CA-ON,2019-10-13,0.027829,0.0
measles,CA-ON,2019-10-20,0.029161,0.0
measles,CA-ON,2019-10-27,0.029815,0.0
measles,CA-ON,2019-11-03,0.03004,0.0
measles,CA-ON,2019-11-10,0.030015,0.0
measles,CA-ON,2019-11-17,0.029831,0.0
measles,CA-ON,2019-11-24,0.029473,0.0
measles,CA-ON,2019-12-01,0.028906,0.0
measles,CA-ON,2019-12-08,0.028042,0.0
measles,CA-ON,2019-12-15,0.026792,0.0
measles,CA-ON,2019-12-22,0.025091,0.0
whooping-cough,CA-AB,2004-01-04,0.307401,0.246842
whooping-cough,CA-AB,2004-01-11,0.273778,0.462602
whooping-cough,CA-AB,2004-01-18,0.299696,0.18495
whooping-cough,CA-AB,2004-01-25,0.264137,0.246479
whooping-cough,CA-AB,2004-02-01,0.246147,0.246359
whooping-cough,CA-AB,2004-02-08,0.237698,0.184679
whooping-cough,CA-AB,2004-02-15,0.215306,0.276883
whooping-cough,CA-AB,2004-02-22,0.221,0.092249
whooping-cough,CA-AB,2004-02-29,0.186111,0.030735
whooping-cough,CA-AB,2004-03-07,0.140745,0.215038
whooping-cough,CA-AB,2004-03-14,0.146804,0.153523
whooping-cough,CA-AB,2004-03-21,0.142983,0.153449
whooping-cough,CA-AB,2004-03-28,0.140514,0.061349
whooping-cough,CA-AB,2004-04-04,0.121224,0.06132
whooping-cough,CA-AB,2004-04-11,0.10312,0.306449
whooping-cough,CA-AB,2004-04-18,0.138739,0.12252
whooping-cough,CA-AB,2004-04-25,0.134131,0.091845
whooping-cough,CA-AB,2004-05-02,0.119448,0.0612
whooping-cough,CA-AB,2004-05-09,0.101496,0.152926
whooping-cough,CA-AB,2004-05-16,0.100914,0.122282
whooping-cough,CA-AB,2004-05-23,0.095549,0.122222
whooping-cough,CA-AB,2004-05-30,0.090538,0.122163
whooping-cough,CA-AB,2004-06-06,0.087684,0.091578
whooping-cough,CA-AB,2004-06-13,0.079736,0.152556
whooping-cough,CA-AB,2004-06-20,0.085728,0.152482
whooping-cough,CA-AB,2004-06-27,0.094466,0.213371
whooping-cough,CA-AB,2004-07-04,0.116971,0.121867
whooping-cough,CA-AB,2004-07-11,0.122173,0.334973
whooping-cough,CA-AB,2004-07-18,0.17219,0.639184
whooping-cough,CA-AB,2004-07-25,0.292234,0.304226
whooping-cough,CA-AB,2004-08-01,0.316838,0.668974
whooping-cough,CA-AB,2004-08-08,0.421595,0.699044
whooping-cough,CA-AB,2004-08-15,0.521231,0.607571
whooping-cough,CA-AB,2004-08-22,0.564185,0.576914
whooping-cough,CA-AB,2004-08-29,0.58479,0.485588
whooping-cough,CA-AB,2004-09-05,0.568694,0.7887
whooping-cough,CA-AB,2004-09-12,0.632511,0.788319
whooping-cough,CA-AB,2004-09-19,0.68159,0.212138
whooping-cough,CA-AB,2004-09-26,0.553136,0.333199
whooping-cough,CA-AB,2004-10-03,0.483317,0.454143
whooping-cough,CA-AB,2004-10-10,0.464825,0.302617
whooping-cough,CA-AB,2004-10-17,0.413265,0.393212
whooping-cough,CA-AB,2004-10-24,0.398322,0.786047
whooping-cough,CA-AB,2004-10-31,0.487165,0.93676
whooping-cough,CA-AB,2004-11-07,0.597461,1.510177
whooping-cough,CA-AB,2004-11-14,0.826365,1.177373
whooping-cough,CA-AB,2004-11-21,0.895371,1.569078
whooping-cough,CA-AB,2004-11-28,1.020469,0.814323
whooping-cough,CA-AB,2004-12-05,0.891372,0.572767
whooping-cough,CA-AB,2004-12-12,0.732136,0.873806
whooping-cough,CA-AB,2004-12-19,0.693782,0.361402
whooping-cough,CA-AB,2004-12-26,0.559963,0.210714
whooping-cough,CA-AB,2005-01-02,0.437177,0.330931
whooping-cough,CA-AB,2005-01-09,0.383138,0.390876
whooping-cough,CA-AB,2005-01-16,0.361416,0.150251
whooping-cough,CA-AB,2005-01-23,0.303885,0.180197
whooping-cough,CA-AB,2005-01-30,0.266494,0.240125
whooping-cough,CA-AB,2005-02-06,0.252345,0.419978
whooping-cough,CA-AB,2005-02-13,0.277307,0.269831
whooping-cough,CA-AB,2005-02-20,0.268901,0.179784
whooping-cough,CA-AB,2005-02-27,0.237836,0.329416
whooping-cough,CA-AB,2005-03-06,0.242701,0.568666
whooping-cough,CA-AB,2005-03-13,0.298671,0.299127
whooping-cough,CA-AB,2005-03-20,0.286329,0.26906
whooping-cough,CA-AB,2005-03-27,0.265022,0.38842
whooping-cough,CA-AB,2005-04-03,0.273755,0.298614
whooping-cough,CA-AB,2005-04-10,0.260343,0.208911
whooping-cough,CA-AB,2005-04-17,0.229761,0.238619
whooping-cough,CA-AB,2005-04-24,0.212731,0.149052
whooping-cough,CA-AB,2005-05-01,0.182924,0.208554
whooping-cough,CA-AB,2005-05-08,0.170757,0.238212
whooping-cough,CA-AB,2005-05-15,0.170641,0.119038
whooping-cough,CA-AB,2005-05-22,0.149452,0.356911
whooping-cough,CA-AB,2005-05-29,0.180113,0.356708
whooping-cough,CA-AB,2005-06-05,0.212526,0.297088
whooping-cough,CA-AB,2005-06-12,0.22649,0.267228
whooping-cough,CA-AB,2005-06-19,0.233854,0.207726
whooping-cough,CA-AB,2005-06-26,0.227852,0.3559
whooping-cough,CA-AB,2005-07-03,0.256456,0.385339
whooping-cough,CA-AB,2005-07-10,0.294325,0.266622
whooping-cough,CA-AB,2005-07-17,0.302357,0.177648
whooping-cough,CA-AB,2005-07-24,0.290289,0.207138
whooping-cough,CA-AB,2005-07-31,0.288375,0.088723
whooping-cough,CA-AB,2005-08-07,0.258795,0.26602
whooping-cough,CA-AB,2005-08-14,0.274976,0.118164
whooping-cough,CA-AB,2005-08-21,0.25668,0.147622
whooping-cough,CA-AB,2005-08-28,0.242925,0.383601
whooping-cough,CA-AB,2005-09-04,0.291009,0.383384
whooping-cough,CA-AB,2005-09-11,0.331134,0.029475
whooping-cough,CA-AB,2005-09-18,0.269341,0.088374
whooping-cough,CA-AB,2005-09-25,0.228119,0.147207
whooping-cough,CA-AB,2005-10-02,0.210308,0.088274
whooping-cough,CA-AB,2005-10-09,0.181618,0.205858
whooping-cough,CA-AB,2005-10-16,0.188149,0.117567
whooping-cough,CA-AB,2005-10-23,0.178711,0.528754
whooping-cough,CA-AB,2005-10-30,0.265462,0.23487
whooping-cough,CA-AB,2005-11-06,0.272361,0.0
whooping-cough,CA-AB,2005-11-13,0.211376,0.322584
whooping-cough,CA-AB,2005-11-20,0.237739,0.49826
whooping-cough,CA-AB,2005-11-27,0.304712,0.380809
whooping-cough,CA-AB,2005-12-04,0.327506,0.409872
whooping-cough,CA-AB,2005-12-11,0.351707,0.614464
whooping-cough,CA-AB,2005-12-18,0.424518,0.233951
whooping-cough,CA-AB,2005-12-25,0.376619,0.11691
whooping-cough,CA-AB,2006-01-01,0.302358,0.467397
whooping-cough,CA-AB,2006-01-08,0.336924,0.350366
whooping-cough,CA-AB,2006-01-15,0.338453,0.29182
whooping-cough,CA-AB,2006-01-22,0.323665,0.262502
whooping-cough,CA-AB,2006-01-29,0.308862,0.320669
whooping-cough,CA-AB,2006-02-05,0.311561,0.17482
whooping-cough,CA-AB,2006-02-12,0.277125,0.232973
whooping-cough,CA-AB,2006-02-19,0.262842,0.0
whooping-cough,CA-AB,2006-02-26,0.195279,0.145457
whooping-cough,CA-AB,2006-03-05,0.172179,0.087229
whooping-cough,CA-AB,2006-03-12,0.146298,0.20343
whooping-cough,CA-AB,2006-03-19,0.151193,0.116185
whooping-cough,CA-AB,2006-03-26,0.142019,0.116125
whooping-cough,CA-AB,2006-04-02,0.133325,0.232131
whooping-cough,CA-AB,2006-04-09,0.152762,0.145007
whooping-cough,CA-AB,2006-04-16,0.150067,0.144932
whooping-cough,CA-AB,2006-04-23,0.144645,0.086915
whooping-cough,CA-AB,2006-04-30,0.12777,0.289566
whooping-cough,CA-AB,2006-05-07,0.151647,0.028942
whooping-cough,CA-AB,2006-05-14,0.121313,0.057854
whooping-cough,CA-AB,2006-05-21,0.095885,0.0
whooping-cough,CA-AB,2006-05-28,0.066581,0.20228
whooping-cough,CA-AB,2006-06-04,0.076848,0.086647
whooping-cough,CA-AB,2006-06-11,0.069583,0.144337
whooping-cough,CA-AB,2006-06-18,0.072999,0.115411
whooping-cough,CA-AB,2006-06-25,0.074914,0.057676
whooping-cough,CA-AB,2006-07-02,0.065731,0.057646
whooping-cough,CA-AB,2006-07-09,0.060083,0.17285
whooping-cough,CA-AB,2006-07-16,0.081346,0.143968
whooping-cough,CA-AB,2006-07-23,0.099248,0.172673
whooping-cough,CA-AB,2006-07-30,0.122762,0.115056
whooping-cough,CA-AB,2006-08-06,0.133011,0.057499
whooping-cough,CA-AB,2006-08-13,0.127576,0.114939
whooping-cough,CA-AB,2006-08-20,0.134612,0.08616
whooping-cough,CA-AB,2006-08-27,0.134547,0.057411
whooping-cough,CA-AB,2006-09-03,0.12607,0.0
whooping-cough,CA-AB,2006-09-10,0.106021,0.200733
whooping-cough,CA-AB,2006-09-17,0.132408,0.0
whooping-cough,CA-AB,2006-09-24,0.112989,0.057294
whooping-cough,CA-AB,2006-10-01,0.104722,0.085897
whooping-cough,CA-AB,2006-10-08,0.107867,0.228942
whooping-cough,CA-AB,2006-10-15,0.140475,0.028603
whooping-cough,CA-AB,2006-10-22,0.124685,0.028589
whooping-cough,CA-AB,2006-10-29,0.106957,0.028574
whooping-cough,CA-AB,2006-11-05,0.093982,0.085679
whooping-cough,CA-AB,2006-11-12,0.094435,0.05709
whooping-cough,CA-AB,2006-11-19,0.090192,0.028531
whooping-cough,CA-AB,2006-11-26,0.079787,0.0
whooping-cough,CA-AB,2006-12-03,0.064757,0.0
whooping-cough,CA-AB,2006-12-10,0.051539,0.056975
whooping-cough,CA-AB,2006-12-17,0.052772,0.170837
whooping-cough,CA-AB,2006-12-24,0.081354,0.056917
whooping-cough,CA-AB,2006-12-31,0.080404,0.028446
whooping-cough,CA-AB,2007-01-07,0.069417,0.0
whooping-cough,CA-AB,2007-01-14,0.052731,0.02842
whooping-cough,CA-AB,2007-01-21,0.043407,0.028408
whooping-cough,CA-AB,2007-01-28,0.036807,0.0
whooping-cough,CA-AB,2007-02-04,0.025526,0.028382
whooping-cough,CA-AB,2007-02-11,0.022887,0.170218
whooping-cough,CA-AB,2007-02-18,0.05382,0.028357
whooping-cough,CA-AB,2007-02-25,0.050183,0.056689
whooping-cough,CA-AB,2007-03-04,0.049733,0.113328
whooping-cough,CA-AB,2007-03-11,0.063019,0.141597
whooping-cough,CA-AB,2007-03-18,0.07897,0.056613
whooping-cough,CA-AB,2007-03-25,0.073557,0.028294
whooping-cough,CA-AB,2007-04-01,0.061226,0.0
whooping-cough,CA-AB,2007-04-08,0.044829,0.0
whooping-cough,CA-AB,2007-04-15,0.030675,0.056513
whooping-cough,CA-AB,2007-04-22,0.030809,0.056488
whooping-cough,CA-AB,2007-04-29,0.032859,0.225853
whooping-cough,CA-AB,2007-05-06,0.066801,0.028219
whooping-cough,CA-AB,2007-05-13,0.060071,0.0
whooping-cough,CA-AB,2007-05-20,0.043056,0.028194
whooping-cough,CA-AB,2007-05-27,0.033185,0.197272
whooping-cough,CA-AB,2007-06-03,0.053346,0.028169
whooping-cough,CA-AB,2007-06-10,0.042141,0.0
whooping-cough,CA-AB,2007-06-17,0.02505,0.0
whooping-cough,CA-AB,2007-06-24,0.012741,0.028132
whooping-cough,CA-AB,2007-07-01,0.008252,0.056239
whooping-cough,CA-AB,2007-07-08,0.013459,0.0
whooping-cough,CA-AB,2007-07-15,0.011662,0.0
whooping-cough,CA-AB,2007-07-22,0.012293,0.0
whooping-cough,CA-AB,2007-07-29,0.015433,0.0
whooping-cough,CA-AB,2007-08-05,0.018998,0.0
whooping-cough,CA-AB,2007-08-12,0.023266,0.028045
whooping-cough,CA-AB,2007-08-19,0.033116,0.140166
whooping-cough,CA-AB,2007-08-26,0.065044,0.028021
whooping-cough,CA-AB,2007-09-02,0.068766,0.084026
whooping-cough,CA-AB,2007-09-09,0.079614,0.055993
whooping-cough,CA-AB,2007-09-16,0.083038,0.0
whooping-cough,CA-AB,2007-09-23,0.070797,0.0
whooping-cough,CA-AB,2007-09-30,0.059906,0.083878
whooping-cough,CA-AB,2007-10-07,0.068777,0.027947
whooping-cough,CA-AB,2007-10-14,0.06586,0.05587
whooping-cough,CA-AB,2007-10-21,0.068397,0.055846
whooping-cough,CA-AB,2007-10-28,0.071772,0.083732
whooping-cough,CA-AB,2007-11-04,0.079338,0.418476
whooping-cough,CA-AB,2007-11-11,0.160738,0.223089
whooping-cough,CA-AB,2007-11-18,0.186634,0.250866
whooping-cough,CA-AB,2007-11-25,0.205497,0.278618
whooping-cough,CA-AB,2007-12-02,0.227568,0.111399
whooping-cough,CA-AB,2007-12-09,0.198789,0.139188
whooping-cough,CA-AB,2007-12-16,0.178398,0.083476
whooping-cough,CA-AB,2007-12-23,0.150397,0.16688
whooping-cough,CA-AB,2007-12-30,0.146405,0.055602
whooping-cough,CA-AB,2008-01-06,0.120766,0.138944
whooping-cough,CA-AB,2008-01-13,0.11871,0.111106
whooping-cough,CA-AB,2008-01-20,0.114797,0.138821
whooping-cough,CA-AB,2008-01-27,0.117331,0.0
whooping-cough,CA-AB,2008-02-03,0.088525,0.138699
whooping-cough,CA-AB,2008-02-10,0.093818,0.249547
whooping-cough,CA-AB,2008-02-17,0.128602,0.221722
whooping-cough,CA-AB,2008-02-24,0.151458,0.166218
whooping-cough,CA-AB,2008-03-02,0.156026,0.027691
whooping-cough,CA-AB,2008-03-09,0.125206,0.027679
whooping-cough,CA-AB,2008-03-16,0.096031,0.055333
whooping-cough,CA-AB,2008-03-23,0.078754,0.055309
whooping-cough,CA-AB,2008-03-30,0.06611,0.082926
whooping-cough,CA-AB,2008-04-06,0.064124,0.05526
whooping-cough,CA-AB,2008-04-13,0.059424,0.055236
whooping-cough,CA-AB,2008-04-20,0.055592,0.138029
whooping-cough,CA-AB,2008-04-27,0.06857,0.137968
whooping-cough,CA-AB,2008-05-04,0.080007,0.055163
whooping-cough,CA-AB,2008-05-11,0.071864,0.165417
whooping-cough,CA-AB,2008-05-18,0.082714,0.220459
whooping-cough,CA-AB,2008-05-25,0.101836,0.192817
whooping-cough,CA-AB,2008-06-01,0.110321,0.110133
whooping-cough,CA-AB,2008-06-08,0.100251,0.082564
whooping-cough,CA-AB,2008-06-15,0.084812,0.055018
whooping-cough,CA-AB,2008-06-22,0.066984,0.164983
whooping-cough,CA-AB,2008-06-29,0.074488,0.274851
whooping-cough,CA-AB,2008-07-06,0.108608,0.192312
whooping-cough,CA-AB,2008-07-13,0.127146,0.137305
whooping-cough,CA-AB,2008-07-20,0.133845,0.137246
whooping-cough,CA-AB,2008-07-27,0.141312,0.301809
whooping-cough,CA-AB,2008-08-03,0.184185,0.246827
whooping-cough,CA-AB,2008-08-10,0.211652,0.054826
whooping-cough,CA-AB,2008-08-17,0.188335,0.21921
whooping-cough,CA-AB,2008-08-24,0.20321,0.219115
whooping-cough,CA-AB,2008-08-31,0.216794,0.164265
whooping-cough,CA-AB,2008-09-07,0.211402,0.027366
whooping-cough,CA-AB,2008-09-14,0.175314,0.082061
whooping-cough,CA-AB,2008-09-21,0.156052,0.136709
whooping-cough,CA-AB,2008-09-28,0.154245,0.05466
whooping-cough,CA-AB,2008-10-05,0.135495,0.109272
whooping-cough,CA-AB,2008-10-12,0.132565,0.273061
whooping-cough,CA-AB,2008-10-19,0.168989,0.109177
whooping-cough,CA-AB,2008-10-26,0.16358,0.10913
whooping-cough,CA-AB,2008-11-02,0.154714,0.109082
whooping-cough,CA-AB,2008-11-09,0.147984,0.081776
whooping-cough,CA-AB,2008-11-16,0.134453,0.081741
whooping-cough,CA-AB,2008-11-23,0.122918,0.081705
whooping-cough,CA-AB,2008-11-30,0.113641,0.08167
whooping-cough,CA-AB,2008-12-07,0.105869,0.108846
whooping-cough,CA-AB,2008-12-14,0.105811,0.163199
whooping-cough,CA-AB,2008-12-21,0.118511,0.217504
whooping-cough,CA-AB,2008-12-28,0.14197,0.135891
whooping-cough,CA-AB,2009-01-04,0.141918,0.190194
whooping-cough,CA-AB,2009-01-11,0.152023,0.244468
whooping-cough,CA-AB,2009-01-18,0.173475,0.298711
whooping-cough,CA-AB,2009-01-25,0.203502,0.162888
whooping-cough,CA-AB,2009-02-01,0.194207,0.081422
whooping-cough,CA-AB,2009-02-08,0.163199,0.054266
whooping-cough,CA-AB,2009-02-15,0.130633,0.189879
whooping-cough,CA-AB,2009-02-22,0.135299,0.027118
whooping-cough,CA-AB,2009-03-01,0.10593,0.271106
whooping-cough,CA-AB,2009-03-08,0.136247,0.081309
whooping-cough,CA-AB,2009-03-15,0.125936,0.189669
whooping-cough,CA-AB,2009-03-22,0.135895,0.352146
whooping-cough,CA-AB,2009-03-29,0.185174,0.162484
whooping-cough,CA-AB,2009-04-05,0.182103,0.108293
whooping-cough,CA-AB,2009-04-12,0.162479,0.054132
whooping-cough,CA-AB,2009-04-19,0.133554,0.108233
whooping-cough,CA-AB,2009-04-26,0.117227,0.081153
whooping-cough,CA-AB,2009-05-03,0.099877,0.135217
whooping-cough,CA-AB,2009-05-10,0.096531,0.108144
whooping-cough,CA-AB,2009-05-17,0.09091,0.0
whooping-cough,CA-AB,2009-05-24,0.065052,0.027021
whooping-cough,CA-AB,2009-05-31,0.047603,0.081041
whooping-cough,CA-AB,2009-06-07,0.043959,0.027006
whooping-cough,CA-AB,2009-06-14,0.032994,0.0
whooping-cough,CA-AB,2009-06-21,0.020426,0.134957
whooping-cough,CA-AB,2009-06-28,0.037036,0.0
whooping-cough,CA-AB,2009-07-05,0.030438,0.188836
whooping-cough,CA-AB,2009-07-12,0.061064,0.053938
whooping-cough,CA-AB,2009-07-19,0.067635,0.107847
whooping-cough,CA-AB,2009-07-26,0.081142,0.0
whooping-cough,CA-AB,2009-08-02,0.073774,0.107788
whooping-cough,CA-AB,2009-08-09,0.086699,0.053879
whooping-cough,CA-AB,2009-08-16,0.089296,0.053864
whooping-cough,CA-AB,2009-08-23,0.089272,0.107699
whooping-cough,CA-AB,2009-08-30,0.101691,0.080752
whooping-cough,CA-AB,2009-09-06,0.105764,0.16146
whooping-cough,CA-AB,2009-09-13,0.125264,0.026903
whooping-cough,CA-AB,2009-09-20,0.11253,0.134477
whooping-cough,CA-AB,2009-09-27,0.121355,0.080664
whooping-cough,CA-AB,2009-10-04,0.11936,0.026881
whooping-cough,CA-AB,2009-10-11,0.102808,0.107493
whooping-cough,CA-AB,2009-10-18,0.107261,0.080598
whooping-cough,CA-AB,2009-10-25,0.106386,0.0
whooping-cough,CA-AB,2009-11-01,0.087231,0.026851
whooping-cough,CA-AB,2009-11-08,0.076903,0.053688
whooping-cough,CA-AB,2009-11-15,0.074959,0.053673
whooping-cough,CA-AB,2009-11-22,0.073248,0.053658
whooping-cough,CA-AB,2009-11-29,0.071838,0.053644
whooping-cough,CA-AB,2009-12-06,0.070312,0.026815
whooping-cough,CA-AB,2009-12-13,0.061928,0.053614
whooping-cough,CA-AB,2009-12-20,0.059944,0.0536
whooping-cough,CA-AB,2009-12-27,0.058298,0.0
whooping-cough,CA-AB,2010-01-03,0.044091,0.0
whooping-cough,CA-AB,2010-01-10,0.031857,0.0
whooping-cough,CA-AB,2010-01-17,0.022209,0.053538
whooping-cough,CA-AB,2010-01-24,0.026351,0.0
whooping-cough,CA-AB,2010-01-31,0.019528,0.0
whooping-cough,CA-AB,2010-02-07,0.012873,0.0
whooping-cough,CA-AB,2010-02-14,0.007941,0.0
whooping-cough,CA-AB,2010-02-21,0.003317,0.0
whooping-cough,CA-AB,2010-02-28,0.0,0.026722
whooping-cough,CA-AB,2010-03-07,0.00311,0.0
whooping-cough,CA-AB,2010-03-14,0.001242,0.0
whooping-cough,CA-AB,2010-03-21,0.0,0.0
whooping-cough,CA-AB,2010-03-28,0.0,0.0
whooping-cough,CA-AB,2010-04-04,0.0,0.0
whooping-cough,CA-AB,2010-04-11,0.0,0.0
whooping-cough,CA-AB,2010-04-18,0.0,0.080003
whooping-cough,CA-AB,2010-04-25,0.012846,0.0
whooping-cough,CA-AB,2010-05-02,0.011522,0.026652
whooping-cough,CA-AB,2010-05-09,0.012521,0.053289
whooping-cough,CA-AB,2010-05-16,0.017889,0.106546
whooping-cough,CA-AB,2010-05-23,0.030127,0.0
whooping-cough,CA-AB,2010-05-30,0.020772,0.053242
whooping-cough,CA-AB,2010-06-06,0.019013,0.0
whooping-cough,CA-AB,2010-06-13,0.008672,0.0
whooping-cough,CA-AB,2010-06-20,0.0,0.0
whooping-cough,CA-AB,2010-06-27,0.0,0.0
whooping-cough,CA-AB,2010-07-04,0.0,0.0
whooping-cough,CA-AB,2010-07-11,0.0,0.132874
whooping-cough,CA-AB,2010-07-18,0.014435,0.053134
whooping-cough,CA-AB,2010-07-25,0.027803,0.053119
whooping-cough,CA-AB,2010-08-01,0.039003,0.026552
whooping-cough,CA-AB,2010-08-08,0.044951,0.0
whooping-cough,CA-AB,2010-08-15,0.043244,0.132681
whooping-cough,CA-AB,2010-08-22,0.068572,0.212228
whooping-cough,CA-AB,2010-08-29,0.109529,0.026521
whooping-cough,CA-AB,2010-09-05,0.102869,0.053026
whooping-cough,CA-AB,2010-09-12,0.098423,0.132527
whooping-cough,CA-AB,2010-09-19,0.111885,0.052996
whooping-cough,CA-AB,2010-09-26,0.104352,0.0
whooping-cough,CA-AB,2010-10-03,0.085406,0.0
whooping-cough,CA-AB,2010-10-10,0.070593,0.0
whooping-cough,CA-AB,2010-10-17,0.058697,0.052934
whooping-cough,CA-AB,2010-10-24,0.060867,0.0
whooping-cough,CA-AB,2010-10-31,0.053671,0.132259
whooping-cough,CA-AB,2010-11-07,0.074839,0.211554
whooping-cough,CA-AB,2010-11-14,0.112416,0.052873
whooping-cough,CA-AB,2010-11-21,0.106339,0.0
whooping-cough,CA-AB,2010-11-28,0.084998,0.026421
whooping-cough,CA-AB,2010-12-05,0.071921,0.079241
whooping-cough,CA-AB,2010-12-12,0.07141,0.0
whooping-cough,CA-AB,2010-12-19,0.05416,0.0
whooping-cough,CA-AB,2010-12-26,0.039034,0.0
whooping-cough,CA-AB,2011-01-02,0.027742,0.052758
whooping-cough,CA-AB,2011-01-09,0.029853,0.079103
whooping-cough,CA-AB,2011-01-16,0.039356,0.105424
whooping-cough,CA-AB,2011-01-23,0.053784,0.052689
whooping-cough,CA-AB,2011-01-30,0.054094,0.026333
whooping-cough,CA-AB,2011-02-06,0.046032,0.210576
whooping-cough,CA-AB,2011-02-13,0.080034,0.0
whooping-cough,CA-AB,2011-02-20,0.0627,0.0
whooping-cough,CA-AB,2011-02-27,0.043387,0.0
whooping-cough,CA-AB,2011-03-06,0.029801,0.026277
whooping-cough,CA-AB,2011-03-13,0.022964,0.0
whooping-cough,CA-AB,2011-03-20,0.014351,0.0
whooping-cough,CA-AB,2011-03-27,0.00856,0.0
whooping-cough,CA-AB,2011-04-03,0.005431,0.0
whooping-cough,CA-AB,2011-04-10,0.003492,0.0
whooping-cough,CA-AB,2011-04-17,0.002435,0.0
whooping-cough,CA-AB,2011-04-24,0.001702,0.0
whooping-cough,CA-AB,2011-05-01,0.000986,0.026186
whooping-cough,CA-AB,2011-05-08,0.004702,0.026175
whooping-cough,CA-AB,2011-05-15,0.007085,0.0
whooping-cough,CA-AB,2011-05-22,0.003225,0.0
whooping-cough,CA-AB,2011-05-29,0.0,0.0
whooping-cough,CA-AB,2011-06-05,0.0,0.05226
whooping-cough,CA-AB,2011-06-12,0.0,0.0
whooping-cough,CA-AB,2011-06-19,0.0,0.026108
whooping-cough,CA-AB,2011-06-26,0.0,0.0
whooping-cough,CA-AB,2011-07-03,0.0,0.0
whooping-cough,CA-AB,2011-07-10,0.0,0.026074
whooping-cough,CA-AB,2011-07-17,0.0,0.07819
whooping-cough,CA-AB,2011-07-24,0.014864,0.104208
whooping-cough,CA-AB,2011-07-31,0.038742,0.0
whooping-cough,CA-AB,2011-08-07,0.039871,0.078089
whooping-cough,CA-AB,2011-08-14,0.054981,0.052037
whooping-cough,CA-AB,2011-08-21,0.063843,0.0
whooping-cough,CA-AB,2011-08-28,0.058125,0.07799
whooping-cough,CA-AB,2011-09-04,0.069011,0.129927
whooping-cough,CA-AB,2011-09-11,0.089994,0.103898
whooping-cough,CA-AB,2011-09-18,0.101157,0.07789
whooping-cough,CA-AB,2011-09-25,0.103296,0.025952
whooping-cough,CA-AB,2011-10-02,0.092425,0.103765
whooping-cough,CA-AB,2011-10-09,0.098387,0.077791
whooping-cough,CA-AB,2011-10-16,0.098966,0.129596
whooping-cough,CA-AB,2011-10-23,0.109399,0.103633
whooping-cough,CA-AB,2011-10-30,0.113556,0.310766
whooping-cough,CA-AB,2011-11-06,0.161462,0.181203
whooping-cough,CA-AB,2011-11-13,0.173429,0.129376
whooping-cough,CA-AB,2011-11-20,0.165244,0.077593
whooping-cough,CA-AB,2011-11-27,0.146282,0.232679
whooping-cough,CA-AB,2011-12-04,0.163109,0.077527
whooping-cough,CA-AB,2011-12-11,0.142877,0.025831
whooping-cough,CA-AB,2011-12-18,0.111135,0.077461
whooping-cough,CA-AB,2011-12-25,0.098646,0.025809
whooping-cough,CA-AB,2012-01-01,0.077321,0.154775
whooping-cough,CA-AB,2012-01-08,0.089016,0.077347
whooping-cough,CA-AB,2012-01-15,0.085329,0.23192
whooping-cough,CA-AB,2012-01-22,0.116432,0.077266
whooping-cough,CA-AB,2012-01-29,0.109396,0.231676
whooping-cough,CA-AB,2012-02-05,0.134289,0.128642
whooping-cough,CA-AB,2012-02-12,0.133599,0.025715
whooping-cough,CA-AB,2012-02-19,0.103607,0.0
whooping-cough,CA-AB,2012-02-26,0.073303,0.12844
whooping-cough,CA-AB,2012-03-04,0.076482,0.56484
whooping-cough,CA-AB,2012-03-11,0.183983,0.051322
whooping-cough,CA-AB,2012-03-18,0.161962,0.0
whooping-cough,CA-AB,2012-03-25,0.121761,0.025634
whooping-cough,CA-AB,2012-04-01,0.096436,0.128105
whooping-cough,CA-AB,2012-04-08,0.092265,0.051215
whooping-cough,CA-AB,2012-04-15,0.077116,0.051189
whooping-cough,CA-AB,2012-04-22,0.065491,0.076743
whooping-cough,CA-AB,2012-04-29,0.063029,0.025568
whooping-cough,CA-AB,2012-05-06,0.051104,0.332206
whooping-cough,CA-AB,2012-05-13,0.098485,0.076623
whooping-cough,CA-AB,2012-05-20,0.09385,0.127639
whooping-cough,CA-AB,2012-05-27,0.092222,0.076543
whooping-cough,CA-AB,2012-06-03,0.082397,0.20401
whooping-cough,CA-AB,2012-06-10,0.092523,0.101952
whooping-cough,CA-AB,2012-06-17,0.084734,0.127374
whooping-cough,CA-AB,2012-06-24,0.082211,0.050923
whooping-cough,CA-AB,2012-07-01,0.069553,0.076345
whooping-cough,CA-AB,2012-07-08,0.064546,0.279787
whooping-cough,CA-AB,2012-07-15,0.105499,0.355908
whooping-cough,CA-AB,2012-07-22,0.164313,0.508178
whooping-cough,CA-AB,2012-07-29,0.252854,0.203166
whooping-cough,CA-AB,2012-08-05,0.259806,0.177678
whooping-cough,CA-AB,2012-08-12,0.250999,0.405912
whooping-cough,CA-AB,2012-08-19,0.296956,0.405702
whooping-cough,CA-AB,2012-08-26,0.334374,0.101373
whooping-cough,CA-AB,2012-09-02,0.287627,0.177312
whooping-cough,CA-AB,2012-09-09,0.264201,0.35444
whooping-cough,CA-AB,2012-09-16,0.288938,0.30365
whooping-cough,CA-AB,2012-09-23,0.296284,0.126456
whooping-cough,CA-AB,2012-09-30,0.259141,0.151669
whooping-cough,CA-AB,2012-10-07,0.23456,0.303181
whooping-cough,CA-AB,2012-10-14,0.250393,0.12626
whooping-cough,CA-AB,2012-10-21,0.224105,0.27763
whooping-cough,CA-AB,2012-10-28,0.234618,0.176583
whooping-cough,CA-AB,2012-11-04,0.225278,0.100853
whooping-cough,CA-AB,2012-11-11,0.197266,0.075601
whooping-cough,CA-AB,2012-11-18,0.170086,0.050375
whooping-cough,CA-AB,2012-11-25,0.142347,0.22657
whooping-cough,CA-AB,2012-12-02,0.158379,0.075485
whooping-cough,CA-AB,2012-12-09,0.142372,0.100595
whooping-cough,CA-AB,2012-12-16,0.130911,0.17595
whooping-cough,CA-AB,2012-12-23,0.139775,0.125615
whooping-cough,CA-AB,2012-12-30,0.134768,0.075331
whooping-cough,CA-AB,2013-01-06,0.117817,0.12549
whooping-cough,CA-AB,2013-01-13,0.114424,0.075257
whooping-cough,CA-AB,2013-01-20,0.100849,0.025073
whooping-cough,CA-AB,2013-01-27,0.077242,0.025061
whooping-cough,CA-AB,2013-02-03,0.0586,0.075145
whooping-cough,CA-AB,2013-02-10,0.055514,0.075108
whooping-cough,CA-AB,2013-02-17,0.055385,0.075071
whooping-cough,CA-AB,2013-02-24,0.056661,0.0
whooping-cough,CA-AB,2013-03-03,0.042193,0.024999
whooping-cough,CA-AB,2013-03-10,0.034227,0.0
whooping-cough,CA-AB,2013-03-17,0.023801,0.024975
whooping-cough,CA-AB,2013-03-24,0.020045,0.074887
whooping-cough,CA-AB,2013-03-31,0.028934,0.0499
whooping-cough,CA-AB,2013-04-07,0.032874,0.024938
whooping-cough,CA-AB,2013-04-14,0.030811,0.024926
whooping-cough,CA-AB,2013-04-21,0.028514,0.099653
whooping-cough,CA-AB,2013-04-28,0.039922,0.149407
whooping-cough,CA-AB,2013-05-05,0.059303,0.124445
whooping-cough,CA-AB,2013-05-12,0.069927,0.049754
whooping-cough,CA-AB,2013-05-19,0.062426,0.049729
whooping-cough,CA-AB,2013-05-26,0.052868,0.149115
whooping-cough,CA-AB,2013-06-02,0.061539,0.049681
whooping-cough,CA-AB,2013-06-09,0.051281,0.0
whooping-cough,CA-AB,2013-06-16,0.032581,0.12408
whooping-cough,CA-AB,2013-06-23,0.041151,0.074412
whooping-cough,CA-AB,2013-06-30,0.043147,0.074375
whooping-cough,CA-AB,2013-07-07,0.046548,0.223017
whooping-cough,CA-AB,2013-07-14,0.08293,0.024768
whooping-cough,CA-AB,2013-07-21,0.078685,0.247555
whooping-cough,CA-AB,2013-07-28,0.118546,0.123717
whooping-cough,CA-AB,2013-08-04,0.132661,0.34624
whooping-cough,CA-AB,2013-08-11,0.188854,0.617985
whooping-cough,CA-AB,2013-08-18,0.307503,0.321196
whooping-cough,CA-AB,2013-08-25,0.330962,0.345735
whooping-cough,CA-AB,2013-09-01,0.345845,0.913285
whooping-cough,CA-AB,2013-09-08,0.502976,0.592113
whooping-cough,CA-AB,2013-09-15,0.539286,0.271254
whooping-cough,CA-AB,2013-09-22,0.467789,0.295769
whooping-cough,CA-AB,2013-09-29,0.418272,0.172448
whooping-cough,CA-AB,2013-10-06,0.347607,0.098494
whooping-cough,CA-AB,2013-10-13,0.275369,0.123058
whooping-cough,CA-AB,2013-10-20,0.231769,0.122999
whooping-cough,CA-AB,2013-10-27,0.203811,0.172115
whooping-cough,CA-AB,2013-11-03,0.197163,0.245759
whooping-cough,CA-AB,2013-11-10,0.211996,0.171948
whooping-cough,CA-AB,2013-11-17,0.20879,0.245522
whooping-cough,CA-AB,2013-11-24,0.220196,0.098161
whooping-cough,CA-AB,2013-12-01,0.197113,0.073585
whooping-cough,CA-AB,2013-12-08,0.167082,0.049033
whooping-cough,CA-AB,2013-12-15,0.137351,0.171533
whooping-cough,CA-AB,2013-12-22,0.138022,0.122465
whooping-cough,CA-AB,2013-12-29,0.130687,0.195871
whooping-cough,CA-AB,2014-01-05,0.139456,0.122385
whooping-cough,CA-AB,2014-01-12,0.132523,0.09788
whooping-cough,CA-AB,2014-01-19,0.118392,0.293555
whooping-cough,CA-AB,2014-01-26,0.150629,0.220104
whooping-cough,CA-AB,2014-02-02,0.163232,0.293388
whooping-cough,CA-AB,2014-02-09,0.187669,0.097768
whooping-cough,CA-AB,2014-02-16,0.164096,0.09774
whooping-cough,CA-AB,2014-02-23,0.139293,0.024428
whooping-cough,CA-AB,2014-03-02,0.104772,0.097684
whooping-cough,CA-AB,2014-03-09,0.091568,0.024414
whooping-cough,CA-AB,2014-03-16,0.070251,0.048814
whooping-cough,CA-AB,2014-03-23,0.058636,0.268403
whooping-cough,CA-AB,2014-03-30,0.098414,0.097573
whooping-cough,CA-AB,2014-04-06,0.10043,0.195091
whooping-cough,CA-AB,2014-04-13,0.118422,0.024379
whooping-cough,CA-AB,2014-04-20,0.100441,0.219353
whooping-cough,CA-AB,2014-04-27,0.11763,0.316752
whooping-cough,CA-AB,2014-05-04,0.15495,0.146152
whooping-cough,CA-AB,2014-05-11,0.148701,0.048703
whooping-cough,CA-AB,2014-05-18,0.120571,0.073034
whooping-cough,CA-AB,2014-05-25,0.099586,0.170365
whooping-cough,CA-AB,2014-06-01,0.099459,0.316303
whooping-cough,CA-AB,2014-06-08,0.129878,0.218917
whooping-cough,CA-AB,2014-06-15,0.140849,0.097269
whooping-cough,CA-AB,2014-06-22,0.125917,0.097241
whooping-cough,CA-AB,2014-06-29,0.11387,0.097214
whooping-cough,CA-AB,2014-07-06,0.105949,0.291558
whooping-cough,CA-AB,2014-07-13,0.142527,0.194317
whooping-cough,CA-AB,2014-07-20,0.162008,0.072848
whooping-cough,CA-AB,2014-07-27,0.152554,0.218483
whooping-cough,CA-AB,2014-08-03,0.177321,0.169883
whooping-cough,CA-AB,2014-08-10,0.189093,0.291145
whooping-cough,CA-AB,2014-08-17,0.224087,0.291063
whooping-cough,CA-AB,2014-08-24,0.2558,0.242484
whooping-cough,CA-AB,2014-08-31,0.265677,0.242415
whooping-cough,CA-AB,2014-09-07,0.269261,0.242347
whooping-cough,CA-AB,2014-09-14,0.268413,0.121139
whooping-cough,CA-AB,2014-09-21,0.236377,0.145326
whooping-cough,CA-AB,2014-09-28,0.214261,0.096856
whooping-cough,CA-AB,2014-10-05,0.187743,0.096829
whooping-cough,CA-AB,2014-10-12,0.166398,0.217804
whooping-cough,CA-AB,2014-10-19,0.178835,0.169355
whooping-cough,CA-AB,2014-10-26,0.181622,0.145121
whooping-cough,CA-AB,2014-11-02,0.177297,0.29016
whooping-cough,CA-AB,2014-11-09,0.206577,0.169212
whooping-cough,CA-AB,2014-11-16,0.202924,0.338329
whooping-cough,CA-AB,2014-11-23,0.234181,0.48319
whooping-cough,CA-AB,2014-11-30,0.297197,0.193222
whooping-cough,CA-AB,2014-12-07,0.27373,0.217313
whooping-cough,CA-AB,2014-12-14,0.254626,0.096556
whooping-cough,CA-AB,2014-12-21,0.211661,0.024132
whooping-cough,CA-AB,2014-12-28,0.156328,0.241259
whooping-cough,CA-AB,2015-01-04,0.164238,0.192961
whooping-cough,CA-AB,2015-01-11,0.16619,0.168801
whooping-cough,CA-AB,2015-01-18,0.162125,0.313413
whooping-cough,CA-AB,2015-01-25,0.196774,0.192824
whooping-cough,CA-AB,2015-02-01,0.197183,0.361458
whooping-cough,CA-AB,2015-02-08,0.235131,0.144549
whooping-cough,CA-AB,2015-02-15,0.215196,0.385372
whooping-cough,CA-AB,2015-02-22,0.25117,0.38528
whooping-cough,CA-AB,2015-03-01,0.285833,0.409262
whooping-cough,CA-AB,2015-03-08,0.315377,0.216617
whooping-cough,CA-AB,2015-03-15,0.291067,0.264691
whooping-cough,CA-AB,2015-03-22,0.277465,0.240571
whooping-cough,CA-AB,2015-03-29,0.261056,0.216462
whooping-cough,CA-AB,2015-04-05,0.239921,0.096183
whooping-cough,CA-AB,2015-04-12,0.19761,0.168279
whooping-cough,CA-AB,2015-04-19,0.178562,0.312445
whooping-cough,CA-AB,2015-04-26,0.196687,0.360427
whooping-cough,CA-AB,2015-05-03,0.224868,0.26425
whooping-cough,CA-AB,2015-05-10,0.227825,0.288205
whooping-cough,CA-AB,2015-05-17,0.232353,0.648307
whooping-cough,CA-AB,2015-05-24,0.311228,0.288068
whooping-cough,CA-AB,2015-05-31,0.297212,0.336
whooping-cough,CA-AB,2015-06-07,0.286519,0.239943
whooping-cough,CA-AB,2015-06-14,0.260076,0.431794
whooping-cough,CA-AB,2015-06-21,0.275452,0.383726
whooping-cough,CA-AB,2015-06-28,0.286462,0.287726
whooping-cough,CA-AB,2015-07-05,0.279001,0.503402
whooping-cough,CA-AB,2015-07-12,0.329111,0.311556
whooping-cough,CA-AB,2015-07-19,0.335349,0.479203
whooping-cough,CA-AB,2015-07-26,0.38143,0.21559
whooping-cough,CA-AB,2015-08-02,0.361958,0.431078
whooping-cough,CA-AB,2015-08-09,0.393871,0.38309
whooping-cough,CA-AB,2015-08-16,0.413151,0.382999
whooping-cough,CA-AB,2015-08-23,0.421097,0.67009
whooping-cough,CA-AB,2015-08-30,0.50305,0.382818
whooping-cough,CA-AB,2015-09-06,0.488526,0.50233
whooping-cough,CA-AB,2015-09-13,0.496716,0.502211
whooping-cough,CA-AB,2015-09-20,0.502148,0.334728
whooping-cough,CA-AB,2015-09-27,0.454361,0.358553
whooping-cough,CA-AB,2015-10-04,0.421063,0.143387
whooping-cough,CA-AB,2015-10-11,0.34643,0.21503
whooping-cough,CA-AB,2015-10-18,0.304727,0.406072
whooping-cough,CA-AB,2015-10-25,0.321701,0.191047
whooping-cough,CA-AB,2015-11-01,0.292282,0.119376
whooping-cough,CA-AB,2015-11-08,0.252993,0.047739
whooping-cough,CA-AB,2015-11-15,0.21007,0.167048
whooping-cough,CA-AB,2015-11-22,0.199646,0.023858
whooping-cough,CA-AB,2015-11-29,0.16424,0.047706
whooping-cough,CA-AB,2015-12-06,0.138956,0.095389
whooping-cough,CA-AB,2015-12-13,0.130665,0.166891
whooping-cough,CA-AB,2015-12-20,0.138187,0.119179
whooping-cough,CA-AB,2015-12-27,0.135001,0.238305
whooping-cough,CA-AB,2016-01-03,0.156658,0.142954
whooping-cough,CA-AB,2016-01-10,0.155051,0.071462
whooping-cough,CA-AB,2016-01-17,0.133393,0.095263
whooping-cough,CA-AB,2016-01-24,0.119712,0.023811
whooping-cough,CA-AB,2016-01-31,0.09226,0.047612
whooping-cough,CA-AB,2016-02-07,0.07445,0.071403
whooping-cough,CA-AB,2016-02-14,0.06819,0.095185
whooping-cough,CA-AB,2016-02-21,0.069615,0.071374
whooping-cough,CA-AB,2016-02-28,0.067559,0.166506
whooping-cough,CA-AB,2016-03-06,0.087049,0.095127
whooping-cough,CA-AB,2016-03-13,0.08931,0.095107
whooping-cough,CA-AB,2016-03-20,0.088308,0.0
whooping-cough,CA-AB,2016-03-27,0.067422,0.095068
whooping-cough,CA-AB,2016-04-03,0.067024,0.0
whooping-cough,CA-AB,2016-04-10,0.050026,0.190059
whooping-cough,CA-AB,2016-04-17,0.072347,0.427544
whooping-cough,CA-AB,2016-04-24,0.145768,0.332466
whooping-cough,CA-AB,2016-05-01,0.189311,0.142457
whooping-cough,CA-AB,2016-05-08,0.179639,0.071214
whooping-cough,CA-AB,2016-05-15,0.150431,0.071199
whooping-cough,CA-AB,2016-05-22,0.12087,0.213554
whooping-cough,CA-AB,2016-05-29,0.121797,0.094893
whooping-cough,CA-AB,2016-06-05,0.103205,0.094874
whooping-cough,CA-AB,2016-06-12,0.08789,0.142282
whooping-cough,CA-AB,2016-06-19,0.087729,0.18967
whooping-cough,CA-AB,2016-06-26,0.099482,0.071112
whooping-cough,CA-AB,2016-07-03,0.090464,0.071097
whooping-cough,CA-AB,2016-07-10,0.084666,0.071083
whooping-cough,CA-AB,2016-07-17,0.083742,0.165826
whooping-cough,CA-AB,2016-07-24,0.104184,0.426323
whooping-cough,CA-AB,2016-07-31,0.183254,0.260478
whooping-cough,CA-AB,2016-08-07,0.219285,0.355124
whooping-cough,CA-AB,2016-08-14,0.266954,0.260372
whooping-cough,CA-AB,2016-08-21,0.28384,0.260318
whooping-cough,CA-AB,2016-08-28,0.288586,0.212944
whooping-cough,CA-AB,2016-09-04,0.278803,0.378491
whooping-cough,CA-AB,2016-09-11,0.307353,0.165556
whooping-cough,CA-AB,2016-09-18,0.27972,0.141876
whooping-cough,CA-AB,2016-09-25,0.246541,0.260053
whooping-cough,CA-AB,2016-10-02,0.249854,0.212728
whooping-cough,CA-AB,2016-10-09,0.242398,0.212684
whooping-cough,CA-AB,2016-10-16,0.236217,0.141761
whooping-cough,CA-AB,2016-10-23,0.217013,0.165354
whooping-cough,CA-AB,2016-10-30,0.205362,0.047234
whooping-cough,CA-AB,2016-11-06,0.171561,0.023612
whooping-cough,CA-AB,2016-11-13,0.138316,0.118038
whooping-cough,CA-AB,2016-11-20,0.133727,0.212425
whooping-cough,CA-AB,2016-11-27,0.152619,0.070794
whooping-cough,CA-AB,2016-12-04,0.138453,0.094373
whooping-cough,CA-AB,2016-12-11,0.128853,0.165119
whooping-cough,CA-AB,2016-12-18,0.137055,0.141501
whooping-cough,CA-AB,2016-12-25,0.137189,0.212209
whooping-cough,CA-AB,2017-01-01,0.151904,0.094291
whooping-cough,CA-AB,2017-01-08,0.137429,0.0707
whooping-cough,CA-AB,2017-01-15,0.116425,0.141363
whooping-cough,CA-AB,2017-01-22,0.115862,0.259099
whooping-cough,CA-AB,2017-01-29,0.143848,0.14129
whooping-cough,CA-AB,2017-02-05,0.141889,0.023542
whooping-cough,CA-AB,2017-02-12,0.111084,0.094145
whooping-cough,CA-AB,2017-02-19,0.100955,0.188241
whooping-cough,CA-AB,2017-02-26,0.11482,0.070572
whooping-cough,CA-AB,2017-03-05,0.101526,0.023518
whooping-cough,CA-AB,2017-03-12,0.079702,0.0
whooping-cough,CA-AB,2017-03-19,0.057689,0.023506
whooping-cough,CA-AB,2017-03-26,0.04429,0.211498
whooping-cough,CA-AB,2017-04-02,0.074119,0.070481
whooping-cough,CA-AB,2017-04-09,0.074889,0.046975
whooping-cough,CA-AB,2017-04-16,0.067955,0.117408
whooping-cough,CA-AB,2017-04-23,0.076392,0.281707
whooping-cough,CA-AB,2017-04-30,0.114703,0.305104
whooping-cough,CA-AB,2017-05-07,0.152583,0.117318
whooping-cough,CA-AB,2017-05-14,0.143288,0.09383
whooping-cough,CA-AB,2017-05-21,0.125017,0.445578
whooping-cough,CA-AB,2017-05-28,0.175313,0.797145
whooping-cough,CA-AB,2017-06-04,0.294013,1.148531
whooping-cough,CA-AB,2017-06-11,0.47745,0.820168
whooping-cough,CA-AB,2017-06-18,0.546915,1.452496
whooping-cough,CA-AB,2017-06-25,0.741691,0.983697
whooping-cough,CA-AB,2017-07-02,0.765966,0.889783
whooping-cough,CA-AB,2017-07-09,0.742721,1.100238
whooping-cough,CA-AB,2017-07-16,0.785042,1.310585
whooping-cough,CA-AB,2017-07-23,0.878725,1.099674
whooping-cough,CA-AB,2017-07-30,0.915799,1.216348
whooping-cough,CA-AB,2017-08-06,1.001531,0.771715
whooping-cough,CA-AB,2017-08-13,0.967472,0.724759
whooping-cough,CA-AB,2017-08-20,0.937107,0.373973
whooping-cough,CA-AB,2017-08-27,0.818679,0.420612
whooping-cough,CA-AB,2017-09-03,0.728493,1.051261
whooping-cough,CA-AB,2017-09-10,0.837703,1.074347
whooping-cough,CA-AB,2017-09-17,0.934145,0.840578
whooping-cough,CA-AB,2017-09-24,0.919748,0.653616
whooping-cough,CA-AB,2017-10-01,0.840139,0.420074
whooping-cough,CA-AB,2017-10-08,0.7058,0.209983
whooping-cough,CA-AB,2017-10-15,0.553419,0.93302
whooping-cough,CA-AB,2017-10-22,0.606763,0.862823
whooping-cough,CA-AB,2017-10-29,0.646501,0.489585
whooping-cough,CA-AB,2017-11-05,0.586572,0.442845
whooping-cough,CA-AB,2017-11-12,0.534058,0.442732
whooping-cough,CA-AB,2017-11-19,0.49403,0.232957
whooping-cough,CA-AB,2017-11-26,0.421595,0.302767
whooping-cough,CA-AB,2017-12-03,0.383241,0.325973
whooping-cough,CA-AB,2017-12-10,0.363464,0.186223
whooping-cough,CA-AB,2017-12-17,0.320996,0.139632
whooping-cough,CA-AB,2017-12-24,0.278822,0.162862
whooping-cough,CA-AB,2017-12-31,0.250736,0.186075
whooping-cough,CA-AB,2018-01-07,0.233107,0.023253
whooping-cough,CA-AB,2018-01-14,0.18682,0.232461
whooping-cough,CA-AB,2018-01-21,0.188873,0.302113
whooping-cough,CA-AB,2018-01-28,0.209034,0.162629
whooping-cough,CA-AB,2018-02-04,0.194116,0.116131
whooping-cough,CA-AB,2018-02-11,0.170468,0.046439
whooping-cough,CA-AB,2018-02-18,0.135478,0.046426
whooping-cough,CA-AB,2018-02-25,0.105418,0.185649
whooping-cough,CA-AB,2018-03-04,0.112006,0.139197
whooping-cough,CA-AB,2018-03-11,0.112298,0.092772
whooping-cough,CA-AB,2018-03-18,0.103469,0.162304
whooping-cough,CA-AB,2018-03-25,0.111897,0.092719
whooping-cough,CA-AB,2018-04-01,0.105038,0.185384
whooping-cough,CA-AB,2018-04-08,0.116559,0.231664
whooping-cough,CA-AB,2018-04-15,0.138421,0.277917
whooping-cough,CA-AB,2018-04-22,0.165355,0.0
whooping-cough,CA-AB,2018-04-29,0.129339,0.092586
whooping-cough,CA-AB,2018-05-06,0.112297,0.16198
whooping-cough,CA-AB,2018-05-13,0.113828,0.1388
whooping-cough,CA-AB,2018-05-20,0.110165,0.115634
whooping-cough,CA-AB,2018-05-27,0.104286,0.208081
whooping-cough,CA-AB,2018-06-03,0.118176,0.115568
whooping-cough,CA-AB,2018-06-10,0.113211,0.069321
whooping-cough,CA-AB,2018-06-17,0.098822,0.092402
whooping-cough,CA-AB,2018-06-24,0.092781,0.069281
whooping-cough,CA-AB,2018-07-01,0.085407,0.046175
whooping-cough,CA-AB,2018-07-08,0.077188,0.115403
whooping-cough,CA-AB,2018-07-15,0.087555,0.230741
whooping-cough,CA-AB,2018-07-22,0.12471,0.069203
whooping-cough,CA-AB,2018-07-29,0.125619,0.092244
whooping-cough,CA-AB,2018-08-05,0.128899,0.253599
whooping-cough,CA-AB,2018-08-12,0.168772,0.092192
whooping-cough,CA-AB,2018-08-19,0.165678,0.230413
whooping-cough,CA-AB,2018-08-26,0.190312,0.230348
whooping-cough,CA-AB,2018-09-02,0.213373,0.207254
whooping-cough,CA-AB,2018-09-09,0.221838,0.069065
whooping-cough,CA-AB,2018-09-16,0.194394,0.023015
whooping-cough,CA-AB,2018-09-23,0.157829,0.092035
whooping-cough,CA-AB,2018-09-30,0.143683,0.069006
whooping-cough,CA-AB,2018-10-07,0.129308,0.114978
whooping-cough,CA-AB,2018-10-14,0.12918,0.068967
whooping-cough,CA-AB,2018-10-21,0.121432,0.068948
whooping-cough,CA-AB,2018-10-28,0.114316,0.183808
whooping-cough,CA-AB,2018-11-04,0.134771,0.0
whooping-cough,CA-AB,2018-11-11,0.111149,0.114815
whooping-cough,CA-AB,2018-11-18,0.113284,0.0
whooping-cough,CA-AB,2018-11-25,0.092545,0.02295
whooping-cough,CA-AB,2018-12-02,0.076007,0.091774
whooping-cough,CA-AB,2018-12-09,0.0797,0.022937
whooping-cough,CA-AB,2018-12-16,0.067804,0.045861
whooping-cough,CA-AB,2018-12-23,0.062152,0.160469
whooping-cough,CA-AB,2018-12-30,0.084908,0.068754
whooping-cough,CA-AB,2019-01-06,0.083397,0.068737
whooping-cough,CA-AB,2019-01-13,0.079302,0.137439
whooping-cough,CA-AB,2019-01-20,0.092503,0.114504
whooping-cough,CA-AB,2019-01-27,0.097472,0.206055
whooping-cough,CA-AB,2019-02-03,0.12194,0.091557
whooping-cough,CA-AB,2019-02-10,0.116404,0.06865
whooping-cough,CA-AB,2019-02-17,0.102279,0.045755
whooping-cough,CA-AB,2019-02-24,0.085569,0.114359
whooping-cough,CA-AB,2019-03-03,0.086099,0.068598
whooping-cough,CA-AB,2019-03-10,0.07857,0.114302
whooping-cough,CA-AB,2019-03-17,0.082392,0.228546
whooping-cough,CA-AB,2019-03-24,0.113004,0.068547
whooping-cough,CA-AB,2019-03-31,0.10457,0.022843
whooping-cough,CA-AB,2019-04-07,0.084226,0.137024
whooping-cough,CA-AB,2019-04-14,0.090493,0.13699
whooping-cough,CA-AB,2019-04-21,0.09598,0.045652
whooping-cough,CA-AB,2019-04-28,0.081688,0.02282
whooping-cough,CA-AB,2019-05-05,0.06431,0.114072
whooping-cough,CA-AB,2019-05-12,0.066253,0.091235
whooping-cough,CA-AB,2019-05-19,0.064141,0.068409
whooping-cough,CA-AB,2019-05-26,0.057204,0.045594
whooping-cough,CA-AB,2019-06-02,0.047088,0.227915
whooping-cough,CA-AB,2019-06-09,0.071283,0.068357
whooping-cough,CA-AB,2019-06-16,0.065032,0.09112
whooping-cough,CA-AB,2019-06-23,0.061184,0.068323
whooping-cough,CA-AB,2019-06-30,0.057196,0.091074
whooping-cough,CA-AB,2019-07-07,0.058787,0.113815
whooping-cough,CA-AB,2019-07-14,0.068476,0.1593
whooping-cough,CA-AB,2019-07-21,0.089332,0.068254
whooping-cough,CA-AB,2019-07-28,0.092094,0.341187
whooping-cough,CA-AB,2019-08-04,0.152532,0.227401
whooping-cough,CA-AB,2019-08-11,0.1846,0.20461
whooping-cough,CA-AB,2019-08-18,0.20058,0.090915
whooping-cough,CA-AB,2019-08-25,0.187301,0.386291
whooping-cough,CA-AB,2019-09-01,0.238935,0.249891
whooping-cough,CA-AB,2019-09-08,0.252187,0.590503
whooping-cough,CA-AB,2019-09-15,0.339427,0.204354
whooping-cough,CA-AB,2019-09-22,0.318606,0.295104
whooping-cough,CA-AB,2019-09-29,0.311034,0.476587
whooping-cough,CA-AB,2019-10-06,0.352433,0.272267
whooping-cough,CA-AB,2019-10-13,0.331501,0.113416
whooping-cough,CA-AB,2019-10-20,0.274871,0.317486
whooping-cough,CA-AB,2019-10-27,0.278985,0.136032
whooping-cough,CA-AB,2019-11-03,0.244019,0.158664
whooping-cough,CA-AB,2019-11-10,0.219136,0.158624
whooping-cough,CA-AB,2019-11-17,0.204765,0.113275
whooping-cough,CA-AB,2019-11-24,0.18345,0.135896
whooping-cough,CA-AB,2019-12-01,0.171626,0.090575
whooping-cough,CA-AB,2019-12-08,0.153329,0.067914
whooping-cough,CA-AB,2019-12-15,0.131755,0.022632
whooping-cough,CA-AB,2019-12-22,0.104807,0.022632
whooping-cough,CA-ON,2004-01-11,0.056866,0.048406
whooping-cough,CA-ON,2004-01-18,0.052609,0.056462
whooping-cough,CA-ON,2004-01-25,0.050855,0.040321
whooping-cough,CA-ON,2004-02-01,0.046018,0.104813
whooping-cough,CA-ON,2004-02-08,0.056533,0.040304
whooping-cough,CA-ON,2004-02-15,0.051932,0.064473
whooping-cough,CA-ON,2004-02-22,0.051568,0.016115
whooping-cough,CA-ON,2004-02-29,0.041547,0.05639
whooping-cough,CA-ON,2004-03-07,0.040427,0.04027
whooping-cough,CA-ON,2004-03-14,0.037706,0.088575
whooping-cough,CA-ON,2004-03-21,0.045544,0.072455
whooping-cough,CA-ON,2004-03-28,0.050439,0.048293
whooping-cough,CA-ON,2004-04-04,0.048843,0.05633
whooping-cough,CA-ON,2004-04-11,0.048752,0.088501
whooping-cough,CA-ON,2004-04-18,0.054666,0.080438
whooping-cough,CA-ON,2004-04-25,0.057844,0.072379
whooping-cough,CA-ON,2004-05-02,0.05801,0.032162
whooping-cough,CA-ON,2004-05-09,0.049434,0.120581
whooping-cough,CA-ON,2004-05-16,0.056757,0.120555
whooping-cough,CA-ON,2004-05-23,0.06317,0.080353
whooping-cough,CA-ON,2004-05-30,0.059342,0.192807
whooping-cough,CA-ON,2004-06-06,0.075432,0.096383
whooping-cough,CA-ON,2004-06-13,0.071696,0.136514
whooping-cough,CA-ON,2004-06-20,0.073134,0.1124
whooping-cough,CA-ON,2004-06-27,0.072009,0.168564
whooping-cough,CA-ON,2004-07-04,0.082051,0.144453
whooping-cough,CA-ON,2004-07-11,0.090041,0.192564
whooping-cough,CA-ON,2004-07-18,0.108844,0.160436
whooping-cough,CA-ON,2004-07-25,0.122726,0.176442
whooping-cough,CA-ON,2004-08-01,0.139352,0.240552
whooping-cough,CA-ON,2004-08-08,0.169889,0.136284
whooping-cough,CA-ON,2004-08-15,0.173593,0.128241
whooping-cough,CA-ON,2004-08-22,0.17236,0.080134
whooping-cough,CA-ON,2004-08-29,0.160407,0.184268
whooping-cough,CA-ON,2004-09-05,0.171213,0.14418
whooping-cough,CA-ON,2004-09-12,0.172697,0.160166
whooping-cough,CA-ON,2004-09-19,0.175337,0.04804
whooping-cough,CA-ON,2004-09-26,0.152782,0.072044
whooping-cough,CA-ON,2004-10-03,0.1369,0.112046
whooping-cough,CA-ON,2004-10-10,0.134221,0.128025
whooping-cough,CA-ON,2004-10-17,0.136062,0.111999
whooping-cough,CA-ON,2004-10-24,0.135166,0.103977
whooping-cough,CA-ON,2004-10-31,0.132701,0.135941
whooping-cough,CA-ON,2004-11-07,0.136995,0.135913
whooping-cough,CA-ON,2004-11-14,0.14026,0.127891
whooping-cough,CA-ON,2004-11-21,0.140144,0.063932
whooping-cough,CA-ON,2004-11-28,0.125308,0.031959
whooping-cough,CA-ON,2004-12-05,0.104284,0.055917
whooping-cough,CA-ON,2004-12-12,0.091672,0.039932
whooping-cough,CA-ON,2004-12-19,0.078028,0.063878
whooping-cough,CA-ON,2004-12-26,0.072172,0.071848
whooping-cough,CA-ON,2005-01-02,0.070385,0.095778
whooping-cough,CA-ON,2005-01-09,0.074265,0.087778
whooping-cough,CA-ON,2005-01-16,0.076437,0.023935
whooping-cough,CA-ON,2005-01-23,0.063215,0.031906
whooping-cough,CA-ON,2005-01-30,0.052842,0.103674
whooping-cough,CA-ON,2005-02-06,0.060856,0.055813
whooping-cough,CA-ON,2005-02-13,0.057675,0.039859
whooping-cough,CA-ON,2005-02-20,0.05052,0.103611
whooping-cough,CA-ON,2005-02-27,0.059517,0.055779
whooping-cough,CA-ON,2005-03-06,0.057066,0.063735
whooping-cough,CA-ON,2005-03-13,0.055456,0.055757
whooping-cough,CA-ON,2005-03-20,0.053244,0.063709
whooping-cough,CA-ON,2005-03-27,0.052504,0.031848
whooping-cough,CA-ON,2005-04-03,0.045723,0.071643
whooping-cough,CA-ON,2005-04-10,0.047904,0.071629
whooping-cough,CA-ON,2005-04-17,0.050902,0.0557
whooping-cough,CA-ON,2005-04-24,0.050025,0.047733
whooping-cough,CA-ON,2005-05-01,0.047566,0.087493
whooping-cough,CA-ON,2005-05-08,0.052324,0.10338
whooping-cough,CA-ON,2005-05-15,0.059039,0.103359
whooping-cough,CA-ON,2005-05-22,0.063581,0.055643
whooping-cough,CA-ON,2005-05-29,0.057058,0.063579
whooping-cough,CA-ON,2005-06-05,0.050707,0.071512
whooping-cough,CA-ON,2005-06-12,0.045943,0.039721
whooping-cough,CA-ON,2005-06-19,0.035728,0.071483
whooping-cough,CA-ON,2005-06-26,0.033119,0.103233
whooping-cough,CA-ON,2005-07-03,0.03895,0.071454
whooping-cough,CA-ON,2005-07-10,0.040371,0.087315
whooping-cough,CA-ON,2005-07-17,0.04667,0.047617
whooping-cough,CA-ON,2005-07-24,0.047601,0.08728
whooping-cough,CA-ON,2005-07-31,0.057701,0.118994
whooping-cough,CA-ON,2005-08-07,0.07596,0.063451
whooping-cough,CA-ON,2005-08-14,0.081711,0.095157
whooping-cough,CA-ON,2005-08-21,0.092983,0.055497
whooping-cough,CA-ON,2005-08-28,0.094818,0.095118
whooping-cough,CA-ON,2005-09-04,0.102769,0.095099
whooping-cough,CA-ON,2005-09-11,0.109718,0.110926
whooping-cough,CA-ON,2005-09-18,0.117468,0.079217
whooping-cough,CA-ON,2005-09-25,0.116408,0.182162
whooping-cough,CA-ON,2005-10-02,0.136355,0.079185
whooping-cough,CA-ON,2005-10-09,0.130844,0.142504
whooping-cough,CA-ON,2005-10-16,0.136744,0.087068
whooping-cough,CA-ON,2005-10-23,0.131095,0.142446
whooping-cough,CA-ON,2005-10-30,0.136029,0.213626
whooping-cough,CA-ON,2005-11-06,0.157332,0.142389
whooping-cough,CA-ON,2005-11-13,0.158485,0.245176
whooping-cough,CA-ON,2005-11-20,0.180505,0.20559
whooping-cough,CA-ON,2005-11-27,0.190374,0.268794
whooping-cough,CA-ON,2005-12-04,0.209405,0.150178
whooping-cough,CA-ON,2005-12-11,0.197037,0.173855
whooping-cough,CA-ON,2005-12-18,0.18838,0.213325
whooping-cough,CA-ON,2005-12-25,0.191411,0.094792
whooping-cough,CA-ON,2006-01-01,0.164657,0.165852
whooping-cough,CA-ON,2006-01-08,0.158391,0.181619
whooping-cough,CA-ON,2006-01-15,0.15985,0.30002
whooping-cough,CA-ON,2006-01-22,0.18975,0.355231
whooping-cough,CA-ON,2006-01-29,0.231867,0.292034
whooping-cough,CA-ON,2006-02-05,0.249354,0.29988
whooping-cough,CA-ON,2006-02-12,0.262846,0.244601
whooping-cough,CA-ON,2006-02-19,0.257255,0.228784
whooping-cough,CA-ON,2006-02-26,0.245111,0.134094
whooping-cough,CA-ON,2006-03-05,0.211356,0.173506
whooping-cough,CA-ON,2006-03-12,0.192737,0.102511
whooping-cough,CA-ON,2006-03-19,0.163884,0.165568
whooping-cough,CA-ON,2006-03-26,0.155157,0.134011
whooping-cough,CA-ON,2006-04-02,0.145419,0.18128
whooping-cough,CA-ON,2006-04-09,0.148466,0.252177
whooping-cough,CA-ON,2006-04-16,0.169286,0.196982
whooping-cough,CA-ON,2006-04-23,0.174575,0.189074
whooping-cough,CA-ON,2006-04-30,0.174532,0.267813
whooping-cough,CA-ON,2006-05-07,0.189426,0.173264
whooping-cough,CA-ON,2006-05-14,0.179756,0.12599
whooping-cough,CA-ON,2006-05-21,0.158032,0.118098
whooping-cough,CA-ON,2006-05-28,0.137157,0.165311
whooping-cough,CA-ON,2006-06-04,0.127792,0.188897
whooping-cough,CA-ON,2006-06-11,0.125466,0.102304
whooping-cough,CA-ON,2006-06-18,0.108335,0.094419
whooping-cough,CA-ON,2006-06-25,0.09305,0.094405
whooping-cough,CA-ON,2006-07-02,0.082878,0.078658
whooping-cough,CA-ON,2006-07-09,0.074144,0.133699
whooping-cough,CA-ON,2006-07-16,0.081448,0.078634
whooping-cough,CA-ON,2006-07-23,0.082261,0.094346
whooping-cough,CA-ON,2006-07-30,0.088576,0.023583
whooping-cough,CA-ON,2006-08-06,0.082764,0.078597
whooping-cough,CA-ON,2006-08-13,0.089182,0.078585
whooping-cough,CA-ON,2006-08-20,0.097141,0.117859
whooping-cough,CA-ON,2006-08-27,0.111891,0.117841
whooping-cough,CA-ON,2006-09-03,0.124792,0.149242
whooping-cough,CA-ON,2006-09-10,0.140624,0.17278
whooping-cough,CA-ON,2006-09-17,0.157872,0.157049
whooping-cough,CA-ON,2006-09-24,0.16645,0.125619
whooping-cough,CA-ON,2006-10-01,0.16397,0.1727
whooping-cough,CA-ON,2006-10-08,0.170764,0.219766
whooping-cough,CA-ON,2006-10-15,0.186753,0.188341
whooping-cough,CA-ON,2006-10-22,0.1921,0.337393
whooping-cough,CA-ON,2006-10-29,0.229957,0.470708
whooping-cough,CA-ON,2006-11-05,0.294738,0.258849
whooping-cough,CA-ON,2006-11-12,0.292548,0.360764
whooping-cough,CA-ON,2006-11-19,0.309979,0.392074
whooping-cough,CA-ON,2006-11-26,0.332129,0.305771
whooping-cough,CA-ON,2006-12-03,0.323466,0.274367
whooping-cough,CA-ON,2006-12-10,0.307559,0.305676
whooping-cough,CA-ON,2006-12-17,0.302553,0.203753
whooping-cough,CA-ON,2006-12-24,0.273181,0.297746
whooping-cough,CA-ON,2006-12-31,0.272431,0.164518
whooping-cough,CA-ON,2007-01-07,0.242183,0.195821
whooping-cough,CA-ON,2007-01-14,0.223416,0.16446
whooping-cough,CA-ON,2007-01-21,0.20422,0.195751
whooping-cough,CA-ON,2007-01-28,0.195741,0.125258
whooping-cough,CA-ON,2007-02-04,0.173776,0.156545
whooping-cough,CA-ON,2007-02-11,0.163386,0.062607
whooping-cough,CA-ON,2007-02-18,0.134587,0.133016
whooping-cough,CA-ON,2007-02-25,0.126213,0.078231
whooping-cough,CA-ON,2007-03-04,0.110122,0.117325
whooping-cough,CA-ON,2007-03-11,0.105196,0.109484
whooping-cough,CA-ON,2007-03-18,0.102173,0.031276
whooping-cough,CA-ON,2007-03-25,0.082577,0.085992
whooping-cough,CA-ON,2007-04-01,0.077639,0.125058
whooping-cough,CA-ON,2007-04-08,0.083806,0.117221
whooping-cough,CA-ON,2007-04-15,0.087775,0.132827
whooping-cough,CA-ON,2007-04-22,0.094492,0.140615
whooping-cough,CA-ON,2007-04-29,0.101203,0.164021
whooping-cough,CA-ON,2007-05-06,0.109847,0.070282
whooping-cough,CA-ON,2007-05-13,0.097134,0.078078
whooping-cough,CA-ON,2007-05-20,0.084964,0.109289
whooping-cough,CA-ON,2007-05-27,0.079991,0.04683
whooping-cough,CA-ON,2007-06-03,0.063604,0.179483
whooping-cough,CA-ON,2007-06-10,0.073409,0.093627
whooping-cough,CA-ON,2007-06-17,0.068873,0.085809
whooping-cough,CA-ON,2007-06-24,0.062342,0.085794
whooping-cough,CA-ON,2007-07-01,0.0594,0.093577
whooping-cough,CA-ON,2007-07-08,0.059922,0.09356
whooping-cough,CA-ON,2007-07-15,0.063666,0.062362
whooping-cough,CA-ON,2007-07-22,0.064344,0.03897
whooping-cough,CA-ON,2007-07-29,0.063042,0.03117
whooping-cough,CA-ON,2007-08-05,0.062709,0.07012
whooping-cough,CA-ON,2007-08-12,0.072277,0.038949
whooping-cough,CA-ON,2007-08-19,0.075827,0.109037
whooping-cough,CA-ON,2007-08-26,0.093268,0.124592
whooping-cough,CA-ON,2007-09-02,0.112589,0.132355
whooping-cough,CA-ON,2007-09-09,0.128352,0.124548
whooping-cough,CA-ON,2007-09-16,0.138056,0.124526
whooping-cough,CA-ON,2007-09-23,0.143502,0.05447
whooping-cough,CA-ON,2007-09-30,0.130349,0.155602
whooping-cough,CA-ON,2007-10-07,0.139738,0.155574
whooping-cough,CA-ON,2007-10-14,0.149117,0.225543
whooping-cough,CA-ON,2007-10-21,0.171318,0.311038
whooping-cough,CA-ON,2007-10-28,0.210658,0.178815
whooping-cough,CA-ON,2007-11-04,0.210272,0.326475
whooping-cough,CA-ON,2007-11-11,0.24048,0.287558
whooping-cough,CA-ON,2007-11-18,0.256801,0.334129
whooping-cough,CA-ON,2007-11-25,0.276207,0.341839
whooping-cough,CA-ON,2007-12-02,0.293949,0.194193
whooping-cough,CA-ON,2007-12-09,0.268629,0.201925
whooping-cough,CA-ON,2007-12-16,0.247405,0.232949
whooping-cough,CA-ON,2007-12-23,0.2388,0.170799
whooping-cough,CA-ON,2007-12-30,0.216761,0.186293
whooping-cough,CA-ON,2008-01-06,0.20335,0.26387
whooping-cough,CA-ON,2008-01-13,0.213992,0.155191
whooping-cough,CA-ON,2008-01-20,0.197104,0.124132
whooping-cough,CA-ON,2008-01-27,0.174067,0.139624
whooping-cough,CA-ON,2008-02-03,0.160555,0.124089
whooping-cough,CA-ON,2008-02-10,0.14585,0.170594
whooping-cough,CA-ON,2008-02-17,0.1459,0.069777
whooping-cough,CA-ON,2008-02-24,0.124144,0.09302
whooping-cough,CA-ON,2008-03-02,0.110297,0.124005
whooping-cough,CA-ON,2008-03-09,0.108313,0.085239
whooping-cough,CA-ON,2008-03-16,0.098595,0.116215
whooping-cough,CA-ON,2008-03-23,0.097855,0.123942
whooping-cough,CA-ON,2008-03-30,0.100589,0.116176
whooping-cough,CA-ON,2008-04-06,0.101006,0.116156
whooping-cough,CA-ON,2008-04-13,0.101038,0.054197
whooping-cough,CA-ON,2008-04-20,0.087912,0.147081
whooping-cough,CA-ON,2008-04-27,0.094121,0.131576
whooping-cough,CA-ON,2008-05-04,0.09745,0.046431
whooping-cough,CA-ON,2008-05-11,0.081882,0.061897
whooping-cough,CA-ON,2008-05-18,0.070302,0.09283
whooping-cough,CA-ON,2008-05-25,0.065981,0.092814
whooping-cough,CA-ON,2008-06-01,0.061876,0.131465
whooping-cough,CA-ON,2008-06-08,0.065547,0.115978
whooping-cough,CA-ON,2008-06-15,0.066721,0.054114
whooping-cough,CA-ON,2008-06-22,0.056152,0.10821
whooping-cough,CA-ON,2008-06-29,0.05755,0.100464
whooping-cough,CA-ON,2008-07-06,0.060257,0.077267
whooping-cough,CA-ON,2008-07-13,0.060337,0.131331
whooping-cough,CA-ON,2008-07-20,0.074528,0.11586
whooping-cough,CA-ON,2008-07-27,0.08754,0.077227
whooping-cough,CA-ON,2008-08-03,0.092369,0.05405
whooping-cough,CA-ON,2008-08-10,0.092989,0.115802
whooping-cough,CA-ON,2008-08-17,0.106949,0.138938
whooping-cough,CA-ON,2008-08-24,0.124836,0.146632
whooping-cough,CA-ON,2008-08-31,0.141,0.185188
whooping-cough,CA-ON,2008-09-07,0.162143,0.208302
whooping-cough,CA-ON,2008-09-14,0.183359,0.131131
whooping-cough,CA-ON,2008-09-21,0.180505,0.200519
whooping-cough,CA-ON,2008-09-28,0.190574,0.100242
whooping-cough,CA-ON,2008-10-05,0.175639,0.146483
whooping-cough,CA-ON,2008-10-12,0.170687,0.115625
whooping-cough,CA-ON,2008-10-19,0.161651,0.138727
whooping-cough,CA-ON,2008-10-26,0.158351,0.100175
whooping-cough,CA-ON,2008-11-02,0.14877,0.200315
whooping-cough,CA-ON,2008-11-09,0.162898,0.154063
whooping-cough,CA-ON,2008-11-16,0.165854,0.138633
whooping-cough,CA-ON,2008-11-23,0.162314,0.107807
whooping-cough,CA-ON,2008-11-30,0.152173,0.153985
whooping-cough,CA-ON,2008-12-07,0.152556,0.115469
whooping-cough,CA-ON,2008-12-14,0.144096,0.061573
whooping-cough,CA-ON,2008-12-21,0.123408,0.076953
whooping-cough,CA-ON,2009-01-11,0.109547,0.069258
whooping-cough,CA-ON,2009-01-18,0.096951,0.061563
whooping-cough,CA-ON,2009-01-25,0.084818,0.053837
whooping-cough,CA-ON,2009-02-01,0.074075,0.076895
whooping-cough,CA-ON,2009-02-08,0.071106,0.069191
whooping-cough,CA-ON,2009-02-15,0.068,0.115296
whooping-cough,CA-ON,2009-02-22,0.075956,0.061479
whooping-cough,CA-ON,2009-03-01,0.071245,0.069149
whooping-cough,CA-ON,2009-03-08,0.067489,0.069135
whooping-cough,CA-ON,2009-03-15,0.064895,0.092162
whooping-cough,CA-ON,2009-03-22,0.067196,0.076786
whooping-cough,CA-ON,2009-03-29,0.066469,0.099802
whooping-cough,CA-ON,2009-04-05,0.07073,0.138159
whooping-cough,CA-ON,2009-04-12,0.083142,0.107435
whooping-cough,CA-ON,2009-04-19,0.087046,0.115086
whooping-cough,CA-ON,2009-04-26,0.090632,0.122734
whooping-cough,CA-ON,2009-05-03,0.094677,0.122709
whooping-cough,CA-ON,2009-05-10,0.096656,0.099681
whooping-cough,CA-ON,2009-05-17,0.092603,0.130325
whooping-cough,CA-ON,2009-05-24,0.093609,0.061317
whooping-cough,CA-ON,2009-05-31,0.080648,0.053642
whooping-cough,CA-ON,2009-06-07,0.066193,0.076615
whooping-cough,CA-ON,2009-06-14,0.058244,0.09192
whooping-cough,CA-ON,2009-06-21,0.054378,0.068926
whooping-cough,CA-ON,2009-06-28,0.047849,0.022971
whooping-cough,CA-ON,2009-07-05,0.034939,0.045932
whooping-cough,CA-ON,2009-07-12,0.029281,0.053577
whooping-cough,CA-ON,2009-07-19,0.028744,0.022957
whooping-cough,CA-ON,2009-07-26,0.025493,0.084158
whooping-cough,CA-ON,2009-08-02,0.037273,0.030597
whooping-cough,CA-ON,2009-08-09,0.040988,0.030591
whooping-cough,CA-ON,2009-08-16,0.044826,0.022938
whooping-cough,CA-ON,2009-08-23,0.048449,0.030578
whooping-cough,CA-ON,2009-08-30,0.053126,0.038215
whooping-cough,CA-ON,2009-09-06,0.059056,0.007641
whooping-cough,CA-ON,2009-09-13,0.05739,0.02292
whooping-cough,CA-ON,2009-09-20,0.057958,0.022915
whooping-cough,CA-ON,2009-09-27,0.058191,0.030548
whooping-cough,CA-ON,2009-10-04,0.059239,0.015271
whooping-cough,CA-ON,2009-10-11,0.056779,0.030535
whooping-cough,CA-ON,2009-10-18,0.057341,0.022897
whooping-cough,CA-ON,2009-10-25,0.056439,0.022892
whooping-cough,CA-ON,2009-11-01,0.055117,0.007629
whooping-cough,CA-ON,2009-11-08,0.050871,0.053394
whooping-cough,CA-ON,2009-11-15,0.056548,0.015252
whooping-cough,CA-ON,2009-11-22,0.053699,0.022874
whooping-cough,CA-ON,2009-11-29,0.05143,0.007623
whooping-cough,CA-ON,2009-12-06,0.046294,0.015243
whooping-cough,CA-ON,2009-12-13,0.042426,0.01524
whooping-cough,CA-ON,2009-12-20,0.038951,0.022855
whooping-cough,CA-ON,2009-12-27,0.037073,0.015234
whooping-cough,CA-ON,2010-01-03,0.033532,0.015231
whooping-cough,CA-ON,2010-01-10,0.029918,0.015228
whooping-cough,CA-ON,2010-01-17,0.026551,0.007612
whooping-cough,CA-ON,2010-01-24,0.021655,0.007611
whooping-cough,CA-ON,2010-01-31,0.017447,0.0
whooping-cough,CA-ON,2010-02-07,0.012479,0.007608
whooping-cough,CA-ON,2010-02-14,0.009837,0.007607
whooping-cough,CA-ON,2010-02-21,0.007852,0.007605
whooping-cough,CA-ON,2010-02-28,0.006079,0.0
whooping-cough,CA-ON,2010-03-07,0.00294,0.0
whooping-cough,CA-ON,2010-03-14,0.000112,0.007601
whooping-cough,CA-ON,2010-03-21,0.0,0.0152
whooping-cough,CA-ON,2010-03-28,0.000879,0.0
whooping-cough,CA-ON,2010-04-04,0.0,0.0
whooping-cough,CA-ON,2010-04-11,0.0,0.007596
whooping-cough,CA-ON,2010-04-18,0.0,0.0
whooping-cough,CA-ON,2010-04-25,0.0,0.037965
whooping-cough,CA-ON,2010-05-02,0.005676,0.007592
whooping-cough,CA-ON,2010-05-09,0.006708,0.030361
whooping-cough,CA-ON,2010-05-16,0.010742,0.015177
whooping-cough,CA-ON,2010-05-23,0.011299,0.007587
whooping-cough,CA-ON,2010-05-30,0.008798,0.015172
whooping-cough,CA-ON,2010-06-06,0.007056,0.015169
whooping-cough,CA-ON,2010-06-13,0.004522,0.02275
whooping-cough,CA-ON,2010-06-20,0.002618,0.015164
whooping-cough,CA-ON,2010-06-27,0.0,0.015161
whooping-cough,CA-ON,2010-07-04,0.0,0.015158
whooping-cough,CA-ON,2010-07-11,0.0,0.037888
whooping-cough,CA-ON,2010-07-18,0.0,0.0
whooping-cough,CA-ON,2010-07-25,0.0,0.01515
whooping-cough,CA-ON,2010-08-01,0.0,0.015147
whooping-cough,CA-ON,2010-08-08,0.0,0.037861
whooping-cough,CA-ON,2010-08-15,0.007043,0.015142
whooping-cough,CA-ON,2010-08-22,0.013913,0.015139
whooping-cough,CA-ON,2010-08-29,0.020746,0.007568
whooping-cough,CA-ON,2010-09-05,0.025995,0.015133
whooping-cough,CA-ON,2010-09-12,0.031776,0.01513
whooping-cough,CA-ON,2010-09-19,0.036609,0.052947
whooping-cough,CA-ON,2010-09-26,0.047903,0.022687
whooping-cough,CA-ON,2010-10-03,0.051079,0.037805
whooping-cough,CA-ON,2010-10-10,0.055222,0.030239
whooping-cough,CA-ON,2010-10-17,0.056823,0.0
whooping-cough,CA-ON,2010-10-24,0.05074,0.030228
whooping-cough,CA-ON,2010-10-31,0.051378,0.052889
whooping-cough,CA-ON,2010-11-07,0.057241,0.0
whooping-cough,CA-ON,2010-11-14,0.050901,0.030211
whooping-cough,CA-ON,2010-11-21,0.051019,0.022654
whooping-cough,CA-ON,2010-11-28,0.050113,0.00755
whooping-cough,CA-ON,2010-12-05,0.045048,0.015097
whooping-cough,CA-ON,2010-12-12,0.042044,0.015095
whooping-cough,CA-ON,2010-12-19,0.039128,0.007546
whooping-cough,CA-ON,2010-12-26,0.034217,0.0
whooping-cough,CA-ON,2011-01-02,0.027818,0.0
whooping-cough,CA-ON,2011-01-09,0.02178,0.022626
whooping-cough,CA-ON,2011-01-16,0.021221,0.00754
whooping-cough,CA-ON,2011-01-23,0.017574,0.0
whooping-cough,CA-ON,2011-01-30,0.012203,0.015075
whooping-cough,CA-ON,2011-02-06,0.010884,0.007536
whooping-cough,CA-ON,2011-02-13,0.008238,0.007535
whooping-cough,CA-ON,2011-02-20,0.005736,0.007533
whooping-cough,CA-ON,2011-02-27,0.00384,0.007532
whooping-cough,CA-ON,2011-03-06,0.002259,0.015061
whooping-cough,CA-ON,2011-03-13,0.002687,0.015058
whooping-cough,CA-ON,2011-03-20,0.003342,0.0
whooping-cough,CA-ON,2011-03-27,0.000848,0.015053
whooping-cough,CA-ON,2011-04-03,0.001925,0.01505
whooping-cough,CA-ON,2011-04-10,0.003487,0.037618
whooping-cough,CA-ON,2011-04-17,0.00948,0.015044
whooping-cough,CA-ON,2011-04-24,0.010723,0.007521
whooping-cough,CA-ON,2011-05-01,0.009732,0.037597
whooping-cough,CA-ON,2011-05-08,0.014507,0.007518
whooping-cough,CA-ON,2011-05-15,0.012821,0.007517
whooping-cough,CA-ON,2011-05-22,0.010249,0.01503
whooping-cough,CA-ON,2011-05-29,0.009085,0.007514
whooping-cough,CA-ON,2011-06-05,0.005841,0.0
whooping-cough,CA-ON,2011-06-12,0.000797,0.037555
whooping-cough,CA-ON,2011-06-19,0.002218,0.00751
whooping-cough,CA-ON,2011-06-26,0.0,0.015016
whooping-cough,CA-ON,2011-07-03,0.0,0.02252
whooping-cough,CA-ON,2011-07-10,0.0,0.045033
whooping-cough,CA-ON,2011-07-17,0.0,0.03752
whooping-cough,CA-ON,2011-07-24,0.000715,0.030011
whooping-cough,CA-ON,2011-07-31,0.004028,0.045007
whooping-cough,CA-ON,2011-08-07,0.011715,0.0225
whooping-cough,CA-ON,2011-08-14,0.016374,0.052489
whooping-cough,CA-ON,2011-08-21,0.027593,0.059976
whooping-cough,CA-ON,2011-08-28,0.040892,0.05247
whooping-cough,CA-ON,2011-09-04,0.051306,0.05246
whooping-cough,CA-ON,2011-09-11,0.060188,0.05245
whooping-cough,CA-ON,2011-09-18,0.067025,0.059932
whooping-cough,CA-ON,2011-09-25,0.073322,0.02247
whooping-cough,CA-ON,2011-10-02,0.069863,0.037444
whooping-cough,CA-ON,2011-10-09,0.068701,0.037437
whooping-cough,CA-ON,2011-10-16,0.067785,0.014972
whooping-cough,CA-ON,2011-10-23,0.061856,0.059876
whooping-cough,CA-ON,2011-10-30,0.066265,0.029933
whooping-cough,CA-ON,2011-11-06,0.064555,0.037409
whooping-cough,CA-ON,2011-11-13,0.063767,0.044882
whooping-cough,CA-ON,2011-11-20,0.065051,0.007479
whooping-cough,CA-ON,2011-11-27,0.057594,0.022433
whooping-cough,CA-ON,2011-12-04,0.053553,0.029905
whooping-cough,CA-ON,2011-12-11,0.051853,0.082223
whooping-cough,CA-ON,2011-12-18,0.060902,0.097155
whooping-cough,CA-ON,2011-12-25,0.071966,0.104609
whooping-cough,CA-ON,2012-01-01,0.081692,0.119531
whooping-cough,CA-ON,2012-01-08,0.091951,0.164324
whooping-cough,CA-ON,2012-01-15,0.109302,0.149358
whooping-cough,CA-ON,2012-01-22,0.119239,0.119466
whooping-cough,CA-ON,2012-01-29,0.118264,0.082119
whooping-cough,CA-ON,2012-02-05,0.107226,0.126889
whooping-cough,CA-ON,2012-02-12,0.107437,0.074628
whooping-cough,CA-ON,2012-02-19,0.096131,0.037308
whooping-cough,CA-ON,2012-02-26,0.077443,0.029841
whooping-cough,CA-ON,2012-03-04,0.061331,0.029836
whooping-cough,CA-ON,2012-03-11,0.048833,0.067119
whooping-cough,CA-ON,2012-03-18,0.048033,0.022369
whooping-cough,CA-ON,2012-03-25,0.039697,0.059641
whooping-cough,CA-ON,2012-04-01,0.040911,0.029815
whooping-cough,CA-ON,2012-04-08,0.037385,0.067073
whooping-cough,CA-ON,2012-04-15,0.041443,0.074513
whooping-cough,CA-ON,2012-04-22,0.047653,0.1341
whooping-cough,CA-ON,2012-04-29,0.064632,0.067039
whooping-cough,CA-ON,2012-05-06,0.065839,0.052132
whooping-cough,CA-ON,2012-05-13,0.061095,0.111693
whooping-cough,CA-ON,2012-05-20,0.067518,0.141453
whooping-cough,CA-ON,2012-05-27,0.077686,0.215865
whooping-cough,CA-ON,2012-06-03,0.099153,0.238156
whooping-cough,CA-ON,2012-06-10,0.12072,0.208351
whooping-cough,CA-ON,2012-06-17,0.129874,0.185995
whooping-cough,CA-ON,2012-06-24,0.129622,0.171087
whooping-cough,CA-ON,2012-07-01,0.123691,0.237993
whooping-cough,CA-ON,2012-07-08,0.13023,0.1859
whooping-cough,CA-ON,2012-07-15,0.127652,0.26765
whooping-cough,CA-ON,2012-07-22,0.143163,0.133802
whooping-cough,CA-ON,2012-07-29,0.135201,0.222966
whooping-cough,CA-ON,2012-08-05,0.148208,0.170911
whooping-cough,CA-ON,2012-08-12,0.155685,0.267468
whooping-cough,CA-ON,2012-08-19,0.184638,0.200567
whooping-cough,CA-ON,2012-08-26,0.199864,0.15597
whooping-cough,CA-ON,2012-09-02,0.201261,0.133665
whooping-cough,CA-ON,2012-09-09,0.196933,0.193039
whooping-cough,CA-ON,2012-09-16,0.204905,0.13362
whooping-cough,CA-ON,2012-09-23,0.19738,0.148441
whooping-cough,CA-ON,2012-09-30,0.192176,0.133574
whooping-cough,CA-ON,2012-10-07,0.184488,0.089034
whooping-cough,CA-ON,2012-10-14,0.166686,0.074183
whooping-cough,CA-ON,2012-10-21,0.148428,0.051919
whooping-cough,CA-ON,2012-10-28,0.129699,0.126067
whooping-cough,CA-ON,2012-11-04,0.13107,0.088974
whooping-cough,CA-ON,2012-11-11,0.126793,0.066719
whooping-cough,CA-ON,2012-11-18,0.117894,0.066707
whooping-cough,CA-ON,2012-11-25,0.111144,0.081517
whooping-cough,CA-ON,2012-12-02,0.108407,0.103732
whooping-cough,CA-ON,2012-12-09,0.110802,0.088898
whooping-cough,CA-ON,2012-12-16,0.109246,0.09629
whooping-cough,CA-ON,2012-12-23,0.108459,0.044434
whooping-cough,CA-ON,2012-12-30,0.095641,0.037022
whooping-cough,CA-ON,2013-01-06,0.08146,0.051822
whooping-cough,CA-ON,2013-01-13,0.072826,0.014804
whooping-cough,CA-ON,2013-01-20,0.057502,0.022202
whooping-cough,CA-ON,2013-01-27,0.046273,0.036998
whooping-cough,CA-ON,2013-02-03,0.041205,0.022195
whooping-cough,CA-ON,2013-02-10,0.034229,0.044384
whooping-cough,CA-ON,2013-02-17,0.033727,0.022189
whooping-cough,CA-ON,2013-02-24,0.029369,0.007395
whooping-cough,CA-ON,2013-03-03,0.021938,0.007394
whooping-cough,CA-ON,2013-03-10,0.015818,0.022179
whooping-cough,CA-ON,2013-03-17,0.014035,0.007392
whooping-cough,CA-ON,2013-03-24,0.010061,0.029562
whooping-cough,CA-ON,2013-03-31,0.011703,0.014779
whooping-cough,CA-ON,2013-04-07,0.011147,0.022165
whooping-cough,CA-ON,2013-04-14,0.012014,0.029549
whooping-cough,CA-ON,2013-04-21,0.014847,0.014772
whooping-cough,CA-ON,2013-04-28,0.014379,0.007385
whooping-cough,CA-ON,2013-05-05,0.01226,0.022152
whooping-cough,CA-ON,2013-05-12,0.013067,0.029531
whooping-cough,CA-ON,2013-05-19,0.014909,0.014763
whooping-cough,CA-ON,2013-05-26,0.013238,0.022142
whooping-cough,CA-ON,2013-06-02,0.0122,0.044277
whooping-cough,CA-ON,2013-06-09,0.014471,0.04427
whooping-cough,CA-ON,2013-06-16,0.015516,0.051641
whooping-cough,CA-ON,2013-06-23,0.016693,0.007376
whooping-cough,CA-ON,2013-06-30,0.009316,0.01475
whooping-cough,CA-ON,2013-07-07,0.003409,0.044243
whooping-cough,CA-ON,2013-07-14,0.00465,0.051609
whooping-cough,CA-ON,2013-07-21,0.008846,0.058973
whooping-cough,CA-ON,2013-07-28,0.016251,0.051594
whooping-cough,CA-ON,2013-08-04,0.023909,0.051586
whooping-cough,CA-ON,2013-08-11,0.032459,0.08842
whooping-cough,CA-ON,2013-08-18,0.048804,0.022102
whooping-cough,CA-ON,2013-08-25,0.051223,0.095759
whooping-cough,CA-ON,2013-09-01,0.067603,0.04419
whooping-cough,CA-ON,2013-09-08,0.072525,0.044183
whooping-cough,CA-ON,2013-09-15,0.074237,0.029451
whooping-cough,CA-ON,2013-09-22,0.072592,0.029447
whooping-cough,CA-ON,2013-09-29,0.069855,0.029442
whooping-cough,CA-ON,2013-10-06,0.067342,0.088313
whooping-cough,CA-ON,2013-10-13,0.07751,0.04415
whooping-cough,CA-ON,2013-10-20,0.077364,0.029429
whooping-cough,CA-ON,2013-10-27,0.072646,0.022068
whooping-cough,CA-ON,2013-11-03,0.067218,0.051485
whooping-cough,CA-ON,2013-11-10,0.068331,0.036769
whooping-cough,CA-ON,2013-11-17,0.066526,0.014706
whooping-cough,CA-ON,2013-11-24,0.059943,0.0
whooping-cough,CA-ON,2013-12-01,0.050964,0.022052
whooping-cough,CA-ON,2013-12-08,0.047579,0.022048
whooping-cough,CA-ON,2013-12-15,0.044749,0.014697
whooping-cough,CA-ON,2013-12-22,0.040245,0.022042
whooping-cough,CA-ON,2013-12-29,0.037616,0.036731
whooping-cough,CA-ON,2014-01-05,0.038124,0.0
whooping-cough,CA-ON,2014-01-12,0.029785,0.014688
whooping-cough,CA-ON,2014-01-19,0.024849,0.029372
whooping-cough,CA-ON,2014-01-26,0.024277,0.0
whooping-cough,CA-ON,2014-02-02,0.01707,0.007341
whooping-cough,CA-ON,2014-02-09,0.01221,0.00734
whooping-cough,CA-ON,2014-02-16,0.008623,0.022018
whooping-cough,CA-ON,2014-02-23,0.008813,0.007338
whooping-cough,CA-ON,2014-03-02,0.006428,0.007337
whooping-cough,CA-ON,2014-03-09,0.004248,0.022009
whooping-cough,CA-ON,2014-03-16,0.005877,0.014671
whooping-cough,CA-ON,2014-03-23,0.006021,0.014669
whooping-cough,CA-ON,2014-03-30,0.006173,0.014667
whooping-cough,CA-ON,2014-04-06,0.006641,0.014666
whooping-cough,CA-ON,2014-04-13,0.007242,0.014664
whooping-cough,CA-ON,2014-04-20,0.007989,0.021993
whooping-cough,CA-ON,2014-04-27,0.010177,0.05131
whooping-cough,CA-ON,2014-05-04,0.017784,0.014658
whooping-cough,CA-ON,2014-05-11,0.017336,0.014656
whooping-cough,CA-ON,2014-05-18,0.015544,0.014654
whooping-cough,CA-ON,2014-05-25,0.013362,0.029305
whooping-cough,CA-ON,2014-06-01,0.012898,0.036627
whooping-cough,CA-ON,2014-06-08,0.013121,0.014649
whooping-cough,CA-ON,2014-06-15,0.008509,0.021971
whooping-cough,CA-ON,2014-06-22,0.004714,0.043936
whooping-cough,CA-ON,2014-06-29,0.005034,0.014643
whooping-cough,CA-ON,2014-07-06,0.00043,0.058566
whooping-cough,CA-ON,2014-07-13,0.004589,0.029279
whooping-cough,CA-ON,2014-07-20,0.005304,0.043914
whooping-cough,CA-ON,2014-07-27,0.009678,0.03659
whooping-cough,CA-ON,2014-08-03,0.014969,0.065854
whooping-cough,CA-ON,2014-08-10,0.026984,0.029265
whooping-cough,CA-ON,2014-08-17,0.032824,0.058522
whooping-cough,CA-ON,2014-08-24,0.044217,0.0512
whooping-cough,CA-ON,2014-08-31,0.053971,0.073134
whooping-cough,CA-ON,2014-09-07,0.0662,0.0585
whooping-cough,CA-ON,2014-09-14,0.073597,0.014623
whooping-cough,CA-ON,2014-09-21,0.069139,0.036553
whooping-cough,CA-ON,2014-09-28,0.0685,0.029239
whooping-cough,CA-ON,2014-10-05,0.066341,0.036544
whooping-cough,CA-ON,2014-10-12,0.065286,0.065771
whooping-cough,CA-ON,2014-10-19,0.070998,0.065763
whooping-cough,CA-ON,2014-10-26,0.076021,0.043836
whooping-cough,CA-ON,2014-11-02,0.07506,0.116883
whooping-cough,CA-ON,2014-11-09,0.08903,0.05113
whooping-cough,CA-ON,2014-11-16,0.087031,0.051123
whooping-cough,CA-ON,2014-11-23,0.082863,0.051117
whooping-cough,CA-ON,2014-11-30,0.079601,0.065713
whooping-cough,CA-ON,2014-12-07,0.078794,0.058405
whooping-cough,CA-ON,2014-12-14,0.07633,0.058397
whooping-cough,CA-ON,2014-12-21,0.073646,0.029195
whooping-cough,CA-ON,2015-01-11,0.064485,0.036489
whooping-cough,CA-ON,2015-01-18,0.057327,0.043781
whooping-cough,CA-ON,2015-01-25,0.052942,0.036485
whooping-cough,CA-ON,2015-02-01,0.047353,0.029188
whooping-cough,CA-ON,2015-02-08,0.040965,0.021879
whooping-cough,CA-ON,2015-02-15,0.034075,0.0
whooping-cough,CA-ON,2015-02-22,0.023283,0.036448
whooping-cough,CA-ON,2015-03-01,0.022373,0.036439
whooping-cough,CA-ON,2015-03-08,0.02289,0.043717
whooping-cough,CA-ON,2015-03-15,0.025016,0.036422
whooping-cough,CA-ON,2015-03-22,0.025715,0.007283
whooping-cough,CA-ON,2015-03-29,0.019577,0.043686
whooping-cough,CA-ON,2015-04-05,0.021722,0.036397
whooping-cough,CA-ON,2015-04-12,0.022951,0.065499
whooping-cough,CA-ON,2015-04-19,0.029904,0.043655
whooping-cough,CA-ON,2015-04-26,0.032224,0.029097
whooping-cough,CA-ON,2015-05-03,0.030468,0.050907
whooping-cough,CA-ON,2015-05-10,0.033096,0.036354
whooping-cough,CA-ON,2015-05-17,0.032426,0.029076
whooping-cough,CA-ON,2015-05-24,0.029821,0.043604
whooping-cough,CA-ON,2015-05-31,0.030013,0.065391
whooping-cough,CA-ON,2015-06-07,0.033676,0.101695
whooping-cough,CA-ON,2015-06-14,0.042716,0.050836
whooping-cough,CA-ON,2015-06-21,0.040265,0.101648
whooping-cough,CA-ON,2015-06-28,0.044996,0.101624
whooping-cough,CA-ON,2015-07-05,0.048559,0.123372
whooping-cough,CA-ON,2015-07-12,0.053809,0.152365
whooping-cough,CA-ON,2015-07-19,0.063793,0.137821
whooping-cough,CA-ON,2015-07-26,0.070104,0.065269
whooping-cough,CA-ON,2015-08-02,0.062664,0.021751
whooping-cough,CA-ON,2015-08-09,0.049254,0.086984
whooping-cough,CA-ON,2015-08-16,0.05281,0.036235
whooping-cough,CA-ON,2015-08-23,0.050588,0.050717
whooping-cough,CA-ON,2015-08-30,0.053961,0.079679
whooping-cough,CA-ON,2015-09-06,0.066456,0.057935
whooping-cough,CA-ON,2015-09-13,0.073955,0.036201
whooping-cough,CA-ON,2015-09-20,0.075589,0.043431
whooping-cough,CA-ON,2015-09-27,0.077734,0.079605
whooping-cough,CA-ON,2015-10-04,0.086312,0.028941
whooping-cough,CA-ON,2015-10-11,0.082092,0.101268
whooping-cough,CA-ON,2015-10-18,0.09209,0.043391
whooping-cough,CA-ON,2015-10-25,0.088827,0.101221
whooping-cough,CA-ON,2015-11-01,0.096055,0.065055
whooping-cough,CA-ON,2015-11-08,0.09568,0.093947
whooping-cough,CA-ON,2015-11-15,0.099587,0.13005
whooping-cough,CA-ON,2015-11-22,0.111304,0.10835
whooping-cough,CA-ON,2015-11-29,0.115684,0.057773
whooping-cough,CA-ON,2015-12-06,0.107044,0.05776
whooping-cough,CA-ON,2015-12-13,0.098739,0.050528
whooping-cough,CA-ON,2015-12-20,0.089986,0.072166
whooping-cough,CA-ON,2015-12-27,0.086928,0.057719
whooping-cough,CA-ON,2016-01-03,0.081632,0.064919
whooping-cough,CA-ON,2016-01-10,0.078314,0.086539
whooping-cough,CA-ON,2016-01-17,0.080248,0.050469
whooping-cough,CA-ON,2016-01-24,0.073384,0.036041
whooping-cough,CA-ON,2016-01-31,0.063135,0.064858
whooping-cough,CA-ON,2016-02-07,0.060999,0.093659
whooping-cough,CA-ON,2016-02-14,0.066443,0.057621
whooping-cough,CA-ON,2016-02-21,0.063232,0.086408
whooping-cough,CA-ON,2016-02-28,0.066628,0.014397
whooping-cough,CA-ON,2016-03-06,0.053407,0.028787
whooping-cough,CA-ON,2016-03-13,0.043698,0.028779
whooping-cough,CA-ON,2016-03-20,0.036739,0.007193
whooping-cough,CA-ON,2016-03-27,0.026093,0.007191
whooping-cough,CA-ON,2016-04-03,0.017937,0.021567
whooping-cough,CA-ON,2016-04-10,0.015282,0.028749
whooping-cough,CA-ON,2016-04-17,0.015559,0.043111
whooping-cough,CA-ON,2016-04-24,0.019707,0.057466
whooping-cough,CA-ON,2016-05-01,0.026988,0.100539
whooping-cough,CA-ON,2016-05-08,0.042063,0.13641
whooping-cough,CA-ON,2016-05-15,0.062115,0.222504
whooping-cough,CA-ON,2016-05-22,0.095678,0.107634
whooping-cough,CA-ON,2016-05-29,0.099479,0.179343
whooping-cough,CA-ON,2016-06-05,0.111726,0.107577
whooping-cough,CA-ON,2016-06-12,0.106537,0.107548
whooping-cough,CA-ON,2016-06-19,0.097226,0.100352
whooping-cough,CA-ON,2016-06-26,0.087224,0.03583
whooping-cough,CA-ON,2016-07-03,0.065551,0.078806
whooping-cough,CA-ON,2016-07-10,0.054482,0.057298
whooping-cough,CA-ON,2016-07-17,0.043224,0.035802
whooping-cough,CA-ON,2016-07-24,0.030935,0.050109
whooping-cough,CA-ON,2016-07-31,0.025889,0.057252
whooping-cough,CA-ON,2016-08-07,0.02621,0.064391
whooping-cough,CA-ON,2016-08-14,0.03114,0.057222
whooping-cough,CA-ON,2016-08-21,0.037376,0.057206
whooping-cough,CA-ON,2016-08-28,0.045385,0.057191
whooping-cough,CA-ON,2016-09-04,0.054148,0.021441
whooping-cough,CA-ON,2016-09-11,0.055467,0.057161
whooping-cough,CA-ON,2016-09-18,0.063753,0.035716
whooping-cough,CA-ON,2016-09-25,0.067034,0.11426
whooping-cough,CA-ON,2016-10-02,0.085216,0.035697
whooping-cough,CA-ON,2016-10-09,0.084602,0.02855
whooping-cough,CA-ON,2016-10-16,0.079369,0.035678
whooping-cough,CA-ON,2016-10-23,0.076427,0.028535
whooping-cough,CA-ON,2016-10-30,0.071483,0.028527
whooping-cough,CA-ON,2016-11-06,0.067347,0.02852
whooping-cough,CA-ON,2016-11-13,0.064369,0.021384
whooping-cough,CA-ON,2016-11-20,0.06063,0.028504
whooping-cough,CA-ON,2016-11-27,0.059088,0.04987
whooping-cough,CA-ON,2016-12-04,0.062489,0.049856
whooping-cough,CA-ON,2016-12-11,0.065392,0.014241
whooping-cough,CA-ON,2016-12-18,0.059524,0.021356
whooping-cough,CA-ON,2016-12-25,0.054979,0.028467
whooping-cough,CA-ON,2017-01-01,0.052092,0.049803
whooping-cough,CA-ON,2017-01-08,0.053547,0.021339
whooping-cough,CA-ON,2017-01-15,0.04839,0.063999
whooping-cough,CA-ON,2017-01-22,0.052344,0.049764
whooping-cough,CA-ON,2017-01-29,0.052836,0.028429
whooping-cough,CA-ON,2017-02-05,0.046973,0.063944
whooping-cough,CA-ON,2017-02-12,0.04967,0.092334
whooping-cough,CA-ON,2017-02-19,0.058739,0.028401
whooping-cough,CA-ON,2017-02-26,0.051333,0.085176
whooping-cough,CA-ON,2017-03-05,0.056814,0.014191
whooping-cough,CA-ON,2017-03-12,0.046143,0.035467
whooping-cough,CA-ON,2017-03-19,0.039779,0.021273
whooping-cough,CA-ON,2017-03-26,0.032791,0.042533
whooping-cough,CA-ON,2017-04-02,0.031197,0.042519
whooping-cough,CA-ON,2017-04-09,0.031208,0.077926
whooping-cough,CA-ON,2017-04-16,0.039252,0.03541
whooping-cough,CA-ON,2017-04-23,0.037929,0.028319
whooping-cough,CA-ON,2017-04-30,0.034319,0.042464
whooping-cough,CA-ON,2017-05-07,0.034414,0.04245
whooping-cough,CA-ON,2017-05-14,0.034399,0.070728
whooping-cough,CA-ON,2017-05-21,0.039841,0.049493
whooping-cough,CA-ON,2017-05-28,0.04072,0.021205
whooping-cough,CA-ON,2017-06-04,0.034861,0.042395
whooping-cough,CA-ON,2017-06-11,0.032826,0.021191
whooping-cough,CA-ON,2017-06-18,0.026577,0.049429
whooping-cough,CA-ON,2017-06-25,0.025021,0.07765
whooping-cough,CA-ON,2017-07-02,0.028676,0.070568
whooping-cough,CA-ON,2017-07-09,0.029878,0.070545
whooping-cough,CA-ON,2017-07-16,0.030089,0.070522
whooping-cough,CA-ON,2017-07-23,0.030108,0.077549
whooping-cough,CA-ON,2017-07-30,0.031717,0.063429
whooping-cough,CA-ON,2017-08-06,0.031929,0.09159
whooping-cough,CA-ON,2017-08-13,0.039249,0.11269
whooping-cough,CA-ON,2017-08-20,0.052741,0.077449
whooping-cough,CA-ON,2017-08-27,0.060183,0.105579
whooping-cough,CA-ON,2017-09-03,0.07392,0.154799
whooping-cough,CA-ON,2017-09-10,0.098073,0.140681
whooping-cough,CA-ON,2017-09-17,0.116712,0.049223
whooping-cough,CA-ON,2017-09-24,0.112024,0.098413
whooping-cough,CA-ON,2017-10-01,0.116371,0.091355
whooping-cough,CA-ON,2017-10-08,0.118465,0.09835
whooping-cough,CA-ON,2017-10-15,0.119954,0.056182
whooping-cough,CA-ON,2017-10-22,0.112161,0.042123
whooping-cough,CA-ON,2017-10-29,0.101536,0.077201
whooping-cough,CA-ON,2017-11-05,0.100406,0.063144
whooping-cough,CA-ON,2017-11-12,0.097138,0.091179
whooping-cough,CA-ON,2017-11-19,0.100311,0.154253
whooping-cough,CA-ON,2017-11-26,0.117482,0.140185
whooping-cough,CA-ON,2017-12-03,0.12865,0.084084
whooping-cough,CA-ON,2017-12-10,0.123718,0.077052
whooping-cough,CA-ON,2017-12-17,0.116311,0.02801
whooping-cough,CA-ON,2017-12-24,0.098756,0.112004
whooping-cough,CA-ON,2017-12-31,0.101119,0.076978
whooping-cough,CA-ON,2018-01-07,0.097062,0.062962
whooping-cough,CA-ON,2018-01-14,0.089048,0.076929
whooping-cough,CA-ON,2018-01-21,0.085844,0.118852
whooping-cough,CA-ON,2018-01-28,0.092148,0.041934
whooping-cough,CA-ON,2018-02-04,0.079921,0.048908
whooping-cough,CA-ON,2018-02-11,0.069629,0.034923
whooping-cough,CA-ON,2018-02-18,0.058604,0.069824
whooping-cough,CA-ON,2018-02-25,0.056561,0.048862
whooping-cough,CA-ON,2018-03-04,0.051517,0.027912
whooping-cough,CA-ON,2018-03-11,0.042608,0.027903
whooping-cough,CA-ON,2018-03-18,0.03568,0.048815
whooping-cough,CA-ON,2018-03-25,0.035002,0.041829
whooping-cough,CA-ON,2018-04-01,0.033591,0.020908
whooping-cough,CA-ON,2018-04-08,0.028198,0.027868
whooping-cough,CA-ON,2018-04-15,0.025416,0.020895
whooping-cough,CA-ON,2018-04-22,0.022194,0.048738
whooping-cough,CA-ON,2018-04-29,0.025326,0.027842
whooping-cough,CA-ON,2018-05-06,0.024886,0.013917
whooping-cough,CA-ON,2018-05-13,0.021517,0.027824
whooping-cough,CA-ON,2018-05-20,0.021469,0.041723
whooping-cough,CA-ON,2018-05-27,0.02399,0.08342
whooping-cough,CA-ON,2018-06-03,0.033687,0.055596
whooping-cough,CA-ON,2018-06-10,0.03659,0.062526
whooping-cough,CA-ON,2018-06-17,0.038363,0.020835
whooping-cough,CA-ON,2018-06-24,0.030967,0.097201
whooping-cough,CA-ON,2018-07-01,0.035972,0.083289
whooping-cough,CA-ON,2018-07-08,0.03803,0.104079
whooping-cough,CA-ON,2018-07-15,0.042119,0.055491
whooping-cough,CA-ON,2018-07-22,0.037502,0.041605
whooping-cough,CA-ON,2018-07-29,0.030514,0.062389
whooping-cough,CA-ON,2018-08-05,0.030007,0.048509
whooping-cough,CA-ON,2018-08-12,0.029708,0.034639
whooping-cough,CA-ON,2018-08-19,0.029744,0.048479
whooping-cough,CA-ON,2018-08-26,0.035649,0.08308
whooping-cough,CA-ON,2018-09-02,0.050349,0.05537
whooping-cough,CA-ON,2018-09-09,0.0596,0.041514
whooping-cough,CA-ON,2018-09-16,0.064793,0.076086
whooping-cough,CA-ON,2018-09-23,0.076419,0.034574
whooping-cough,CA-ON,2018-09-30,0.077007,0.096776
whooping-cough,CA-ON,2018-10-07,0.088759,0.013821
whooping-cough,CA-ON,2018-10-14,0.081253,0.048358
whooping-cough,CA-ON,2018-10-21,0.079414,0.03453
whooping-cough,CA-ON,2018-10-28,0.076011,0.034519
whooping-cough,CA-ON,2018-11-04,0.071971,0.048312
whooping-cough,CA-ON,2018-11-11,0.072138,0.041398
whooping-cough,CA-ON,2018-11-18,0.071132,0.048282
whooping-cough,CA-ON,2018-11-25,0.07154,0.020686
whooping-cough,CA-ON,2018-12-02,0.066004,0.055145
whooping-cough,CA-ON,2018-12-09,0.06786,0.020673
whooping-cough,CA-ON,2018-12-16,0.062468,0.020666
whooping-cough,CA-ON,2018-12-23,0.056507,0.013773
whooping-cough,CA-ON,2018-12-30,0.050068,0.013769
whooping-cough,CA-ON,2019-01-06,0.043671,0.02753
whooping-cough,CA-ON,2019-01-13,0.041067,0.027521
whooping-cough,CA-ON,2019-01-20,0.038682,0.027512
whooping-cough,CA-ON,2019-01-27,0.036163,0.013752
whooping-cough,CA-ON,2019-02-03,0.03065,0.041244
whooping-cough,CA-ON,2019-02-10,0.031512,0.020617
whooping-cough,CA-ON,2019-02-17,0.027919,0.020611
whooping-cough,CA-ON,2019-02-24,0.024093,0.020606
whooping-cough,CA-ON,2019-03-03,0.021192,0.0206
whooping-cough,CA-ON,2019-03-10,0.018513,0.02746
whooping-cough,CA-ON,2019-03-17,0.017945,0.027453
whooping-cough,CA-ON,2019-03-24,0.017762,0.020584
whooping-cough,CA-ON,2019-03-31,0.016226,0.048017
whooping-cough,CA-ON,2019-04-07,0.020908,0.041146
whooping-cough,CA-ON,2019-04-14,0.023999,0.020568
whooping-cough,CA-ON,2019-04-21,0.022012,0.041124
whooping-cough,CA-ON,2019-04-28,0.024427,0.034261
whooping-cough,CA-ON,2019-05-05,0.025472,0.095906
whooping-cough,CA-ON,2019-05-12,0.038248,0.027395
whooping-cough,CA-ON,2019-05-19,0.036477,0.020541
whooping-cough,CA-ON,2019-05-26,0.031544,0.05476
whooping-cough,CA-ON,2019-06-02,0.033526,0.034216
whooping-cough,CA-ON,2019-06-09,0.030588,0.054731
whooping-cough,CA-ON,2019-06-16,0.030613,0.061557
whooping-cough,CA-ON,2019-06-23,0.031565,0.095729
whooping-cough,CA-ON,2019-06-30,0.037241,0.088868
whooping-cough,CA-ON,2019-07-07,0.040233,0.054674
whooping-cough,CA-ON,2019-07-14,0.035371,0.040994
whooping-cough,CA-ON,2019-07-21,0.028122,0.102459
whooping-cough,CA-ON,2019-07-28,0.033495,0.095603
whooping-cough,CA-ON,2019-08-04,0.039393,0.102405
whooping-cough,CA-ON,2019-08-11,0.047741,0.088728
whooping-cough,CA-ON,2019-08-18,0.055541,0.109175
whooping-cough,CA-ON,2019-08-25,0.068347,0.068216
whooping-cough,CA-ON,2019-09-01,0.073515,0.095478
whooping-cough,CA-ON,2019-09-08,0.084154,0.074998
whooping-cough,CA-ON,2019-09-15,0.090596,0.095428
whooping-cough,CA-ON,2019-09-22,0.099727,0.040887
whooping-cough,CA-ON,2019-09-29,0.095957,0.020438
whooping-cough,CA-ON,2019-10-06,0.086462,0.034054
whooping-cough,CA-ON,2019-10-13,0.081098,0.0749
whooping-cough,CA-ON,2019-10-20,0.08525,0.081688
whooping-cough,CA-ON,2019-10-27,0.090738,0.027222
whooping-cough,CA-ON,2019-11-03,0.083499,0.040822
whooping-cough,CA-ON,2019-11-10,0.079377,0.006802
whooping-cough,CA-ON,2019-11-17,0.069165,0.047601
whooping-cough,CA-ON,2019-11-24,0.068361,0.020395
whooping-cough,CA-ON,2019-12-01,0.06341,0.081559
whooping-cough,CA-ON,2019-12-08,0.07132,0.067948
whooping-cough,CA-ON,2019-12-15,0.076132,0.061137
whooping-cough,CA-ON,2019-12-22,0.076861,0.027165
whooping-cough,CA-ON,2019-12-29,0.069406,0.033947
whooping-cough,CA-ON,2020-01-05,0.062942,0.101816
whooping-cough,CA-ON,2020-01-12,0.071933,0.074645
whooping-cough,CA-ON,2020-01-19,0.073586,0.074626
whooping-cough,CA-ON,2020-01-26,0.073407,0.094953
whooping-cough,CA-ON,2020-02-02,0.077777,0.067812
whooping-cough,CA-ON,2020-02-09,0.074363,0.074586
whooping-cough,CA-ON,2020-02-16,0.072053,0.020339
whooping-cough,CA-ON,2020-02-23,0.057821,0.027116
whooping-cough,CA-ON,2020-03-01,0.046491,0.047449
whooping-cough,CA-ON,2020-03-08,0.042628,0.020333
whooping-cough,CA-ON,2020-03-15,0.03404,0.047439
whooping-cough,CA-ON,2020-03-22,0.033292,0.027105
whooping-cough,CA-ON,2020-03-29,0.02974,0.020327
whooping-cough,CA-ON,2020-04-05,0.025076,0.020325
whooping-cough,CA-ON,2020-04-12,0.0217,0.020322
whooping-cough,CA-ON,2020-04-19,0.019211,0.006773
whooping-cough,CA-ON,2020-04-26,0.01491,0.0
whooping-cough,CA-ON,2020-05-03,0.01029,0.006772
whooping-cough,CA-ON,2020-05-10,0.008233,0.013543
whooping-cough,CA-ON,2020-05-17,0.008293,0.006771
whooping-cough,CA-ON,2020-05-24,0.007418,0.0
whooping-cough,CA-ON,2020-05-31,0.005228,0.006769
whooping-cough,CA-ON,2020-06-07,0.004027,0.006768
whooping-cough,CA-ON,2020-06-14,0.002349,0.0
whooping-cough,CA-ON,2020-06-21,0.0,0.020301
whooping-cough,CA-ON,2020-06-28,0.0,0.006766
whooping-cough,CA-ON,2020-07-05,0.0,0.0
whooping-cough,CA-ON,2020-07-12,0.0,0.006765
whooping-cough,CA-ON,2020-07-19,0.0,0.013529
whooping-cough,CA-ON,2020-07-26,0.0,0.0
whooping-cough,CA-ON,2020-08-02,0.0,0.0
whooping-cough,CA-ON,2020-08-09,0.0,0.0
whooping-cough,CA-ON,2020-08-16,0.0,0.0
whooping-cough,CA-ON,2020-08-23,0.0,0.0
whooping-cough,CA-ON,2020-08-30,0.0,0.00676
whooping-cough,CA-ON,2020-09-06,0.008052,0.0
whooping-cough,CA-ON,2020-09-13,0.014618,0.0
whooping-cough,CA-ON,2020-09-20,0.020222,0.0
whooping-cough,CA-ON,2020-09-27,0.024706,0.0
whooping-cough,CA-ON,2020-10-04,0.027862,0.006757
whooping-cough,CA-ON,2020-10-11,0.031274,0.0
whooping-cough,CA-ON,2020-10-18,0.03223,0.0
whooping-cough,CA-ON,2020-10-25,0.032316,0.0
whooping-cough,CA-ON,2020-11-01,0.032115,0.0
whooping-cough,CA-ON,2020-11-08,0.031675,0.0
whooping-cough,CA-ON,2020-11-15,0.031191,0.0
whooping-cough,CA-ON,2020-11-22,0.030636,0.0
whooping-cough,CA-ON,2020-11-29,0.029939,0.0
whooping-cough,CA-ON,2020-12-06,0.028952,0.0
whooping-cough,CA-ON,2020-12-13,0.027609,0.0
whooping-cough,CA-ON,2020-12-20,0.025853,0.0
whooping-cough,CA-ON,2021-01-10,0.023675,0.006748
whooping-cough,CA-ON,2021-01-17,0.022541,0.0
whooping-cough,CA-ON,2021-01-24,0.019434,0.0
whooping-cough,CA-ON,2021-01-31,0.015937,0.0
whooping-cough,CA-ON,2021-02-07,0.012476,0.0
whooping-cough,CA-ON,2021-02-14,0.009052,0.0
whooping-cough,CA-ON,2021-02-21,0.005909,0.0
whooping-cough,CA-ON,2021-02-28,0.003217,0.0
whooping-cough,CA-ON,2021-03-07,0.001148,0.0
whooping-cough,CA-ON,2021-03-14,0.0,0.0
whooping-cough,CA-ON,2021-03-21,0.0,0.006746
whooping-cough,CA-ON,2021-03-28,0.0,0.0
whooping-cough,CA-ON,2021-04-04,0.0,0.0
whooping-cough,CA-ON,2021-04-11,0.0,0.0
whooping-cough,CA-ON,2021-04-18,0.0,0.0
whooping-cough,CA-ON,2021-04-25,0.0,0.006746
whooping-cough,CA-ON,2021-05-02,0.0,0.0
whooping-cough,CA-ON,2021-05-09,0.0,0.0
whooping-cough,CA-ON,2021-05-16,0.0,0.0
whooping-cough,CA-ON,2021-05-23,0.0,0.0
whooping-cough,CA-ON,2021-05-30,0.0,0.0
whooping-cough,CA-ON,2021-06-06,0.0,0.0
whooping-cough,CA-ON,2021-06-13,0.0,0.0
whooping-cough,CA-ON,2021-06-20,0.0,0.0
whooping-cough,CA-ON,2021-06-27,0.0,0.0
whooping-cough,CA-ON,2021-07-04,0.0,0.0
whooping-cough,CA-ON,2021-07-11,0.0,0.006746
whooping-cough,CA-ON,2021-07-18,0.0,0.0
whooping-cough,CA-ON,2021-07-25,0.0,0.0
whooping-cough,CA-ON,2021-08-01,0.0,0.0
whooping-cough,CA-ON,2021-08-08,0.0,0.006746
whooping-cough,CA-ON,2021-08-15,0.0,0.0
whooping-cough,CA-ON,2021-08-22,0.0,0.006746
whooping-cough,CA-ON,2021-08-29,0.0,0.0
whooping-cough,CA-ON,2021-09-05,0.0,0.0
whooping-cough,CA-ON,2021-09-12,0.0,0.006746
whooping-cough,CA-ON,2021-09-19,0.0,0.0
whooping-cough,CA-ON,2021-09-26,0.005564,0.0
whooping-cough,CA-ON,2021-10-03,0.012038,0.0
whooping-cough,CA-ON,2021-10-10,0.017834,0.0
whooping-cough,CA-ON,2021-10-17,0.022428,0.0
whooping-cough,CA-ON,2021-10-24,0.025801,0.013492
whooping-cough,CA-ON,2021-10-31,0.030789,0.0
whooping-cough,CA-ON,2021-11-07,0.031827,0.0
whooping-cough,CA-ON,2021-11-14,0.031828,0.0
whooping-cough,CA-ON,2021-11-21,0.031601,0.0
whooping-cough,CA-ON,2021-11-28,0.031061,0.0
whooping-cough,CA-ON,2021-12-05,0.030515,0.0
whooping-cough,CA-ON,2021-12-12,0.029951,0.006746
whooping-cough,CA-ON,2021-12-19,0.030636,0.0
