horizon_week,mse,rmse,mae
1,0.29133314,0.53975284,0.13361824
2,0.533544,0.730441,0.17222647
3,0.73091894,0.854938,0.20116322
4,0.89548784,0.9463022,0.22433372
5,1.0209277,1.0104097,0.24877943
6,1.1213561,1.058941,0.2679026
7,1.1881555,1.0900254,0.28594285
8,1.2403775,1.1137223,0.29503515
overall,0.87776273,0.93688995,0.22862521
