province,n_windows,rmse,mae
CA-AB,931,0.164065,0.103216
CA-ON,2793,1.079201,0.283487
